"Date","Time","Open","hPrice","lPrice","cPrice","Up","Down"
12/26/2012,06:31,27.04,27.06,26.93,26.97,312554,847223
12/26/2012,06:32,26.97,27.03,26.95,27.00,161618,82999
12/26/2012,06:33,27.00,27.03,26.98,27.02,185290,131623
12/26/2012,06:34,27.02,27.11,27.00,27.08,143560,110944
12/26/2012,06:35,27.08,27.10,27.02,27.02,101364,119968
12/26/2012,06:36,27.03,27.14,27.02,27.12,181178,100822
12/26/2012,06:37,27.14,27.15,27.10,27.13,96467,81396
12/26/2012,06:38,27.13,27.14,27.05,27.07,88007,121805
12/26/2012,06:39,27.08,27.09,27.03,27.05,84650,108938
12/26/2012,06:40,27.06,27.09,27.05,27.06,59532,59916
12/26/2012,06:41,27.07,27.09,27.01,27.09,172385,164236
12/26/2012,06:42,27.09,27.09,27.01,27.01,17835,71335
12/26/2012,06:43,27.01,27.09,27.00,27.09,151240,127395
12/26/2012,06:44,27.08,27.09,27.04,27.04,48470,55332
12/26/2012,06:45,27.04,27.05,27.01,27.01,39592,79778
12/26/2012,06:46,27.01,27.07,27.01,27.04,83099,47258
12/26/2012,06:47,27.05,27.05,27.00,27.00,53211,139340
12/26/2012,06:48,27.00,27.03,27.00,27.00,83176,61210
12/26/2012,06:49,27.00,27.01,27.00,27.00,45821,69036
12/26/2012,06:50,27.01,27.08,27.00,27.08,118441,32387
12/26/2012,06:51,27.09,27.09,27.02,27.02,32334,64681
12/26/2012,06:52,27.02,27.08,27.01,27.07,79180,41870
12/26/2012,06:53,27.07,27.08,27.02,27.05,20603,57756
12/26/2012,06:54,27.05,27.05,27.00,27.01,20781,62556
12/26/2012,06:55,27.01,27.01,27.00,27.00,36447,38336
12/26/2012,06:56,27.00,27.06,27.00,27.05,76270,38395
12/26/2012,06:57,27.05,27.05,27.01,27.03,24162,30992
12/26/2012,06:58,27.03,27.04,27.00,27.01,16019,37704
12/26/2012,06:59,27.00,27.02,27.00,27.02,52728,38234
12/26/2012,07:00,27.02,27.07,27.02,27.03,16896,25227
12/26/2012,07:01,27.03,27.07,27.02,27.07,140548,36395
12/26/2012,07:02,27.07,27.16,27.05,27.15,196762,113084
12/26/2012,07:03,27.15,27.17,27.11,27.14,91976,65654
12/26/2012,07:04,27.15,27.19,27.14,27.19,103528,45482
12/26/2012,07:05,27.18,27.18,27.13,27.14,45547,70695
12/26/2012,07:06,27.14,27.15,27.10,27.11,19044,61890
12/26/2012,07:07,27.11,27.11,27.07,27.07,53247,61369
12/26/2012,07:08,27.07,27.09,27.06,27.07,52050,86013
12/26/2012,07:09,27.06,27.07,27.01,27.03,64995,129468
12/26/2012,07:10,27.03,27.07,27.02,27.07,79540,21630
12/26/2012,07:11,27.07,27.10,27.04,27.05,15088,56817
12/26/2012,07:12,27.04,27.06,27.04,27.05,19176,13180
12/26/2012,07:13,27.05,27.06,27.03,27.03,24044,58983
12/26/2012,07:14,27.04,27.04,27.02,27.04,31781,88715
12/26/2012,07:15,27.03,27.04,27.00,27.00,40803,53002
12/26/2012,07:16,27.01,27.02,26.92,26.93,176508,278133
12/26/2012,07:17,26.93,26.94,26.85,26.93,226224,172495
12/26/2012,07:18,26.92,26.95,26.86,26.89,106903,137436
12/26/2012,07:19,26.90,26.90,26.88,26.89,139457,116510
12/26/2012,07:20,26.89,26.91,26.88,26.90,151346,108708
12/26/2012,07:21,26.90,26.94,26.89,26.92,80826,36332
12/26/2012,07:22,26.91,26.92,26.85,26.86,36931,105053
12/26/2012,07:23,26.86,26.89,26.85,26.89,62898,35912
12/26/2012,07:24,26.89,26.92,26.87,26.89,68361,46685
12/26/2012,07:25,26.88,26.89,26.80,26.85,67006,84301
12/26/2012,07:26,26.84,26.88,26.84,26.88,41809,25681
12/26/2012,07:27,26.88,26.88,26.85,26.85,7181,23711
12/26/2012,07:28,26.85,26.88,26.85,26.87,26481,19988
12/26/2012,07:29,26.88,26.88,26.85,26.87,14725,36039
12/26/2012,07:30,26.86,26.94,26.86,26.91,130098,55787
12/26/2012,07:31,26.90,26.91,26.85,26.86,6805,47046
12/26/2012,07:32,26.86,26.87,26.84,26.85,50537,45045
12/26/2012,07:33,26.85,26.87,26.83,26.86,51751,47320
12/26/2012,07:34,26.86,26.87,26.82,26.84,27007,95211
12/26/2012,07:35,26.83,26.85,26.82,26.84,25207,11591
12/26/2012,07:36,26.85,26.85,26.81,26.81,6433,50607
12/26/2012,07:37,26.81,26.82,26.76,26.76,27930,105789
12/26/2012,07:38,26.76,26.78,26.75,26.76,88081,74547
12/26/2012,07:39,26.77,26.81,26.76,26.80,84114,29811
12/26/2012,07:40,26.80,26.84,26.80,26.82,35778,25233
12/26/2012,07:41,26.82,26.86,26.80,26.84,52580,31793
12/26/2012,07:42,26.84,26.84,26.80,26.81,19245,29442
12/26/2012,07:43,26.80,26.81,26.79,26.81,17435,19344
12/26/2012,07:44,26.80,26.82,26.80,26.81,25675,9300
12/26/2012,07:45,26.81,26.83,26.81,26.82,8670,12995
12/26/2012,07:46,26.82,26.82,26.79,26.80,18244,46604
12/26/2012,07:47,26.81,26.81,26.78,26.80,37840,38319
12/26/2012,07:48,26.79,26.80,26.78,26.79,16300,22304
12/26/2012,07:49,26.78,26.79,26.77,26.77,39196,34657
12/26/2012,07:50,26.78,26.80,26.76,26.78,49736,28084
12/26/2012,07:51,26.78,26.83,26.77,26.81,53450,42854
12/26/2012,07:52,26.80,26.81,26.79,26.81,9387,7422
12/26/2012,07:53,26.81,26.83,26.80,26.82,19328,8520
12/26/2012,07:54,26.81,26.83,26.81,26.81,24699,40475
12/26/2012,07:55,26.82,26.83,26.80,26.81,19870,12036
12/26/2012,07:56,26.81,26.83,26.81,26.82,26880,24096
12/26/2012,07:57,26.82,26.83,26.79,26.79,16078,42452
12/26/2012,07:58,26.80,26.80,26.75,26.78,52998,93282
12/26/2012,07:59,26.78,26.78,26.75,26.76,18219,39636
12/26/2012,08:00,26.75,26.79,26.74,26.78,93663,129952
12/26/2012,08:01,26.78,26.81,26.77,26.79,24407,34361
12/26/2012,08:02,26.79,26.82,26.78,26.80,27060,15125
12/26/2012,08:03,26.81,26.81,26.75,26.75,4284,29026
12/26/2012,08:04,26.75,26.78,26.74,26.77,32318,35286
12/26/2012,08:05,26.77,26.80,26.77,26.78,29776,26460
12/26/2012,08:06,26.78,26.79,26.76,26.77,21659,11230
12/26/2012,08:07,26.79,26.79,26.77,26.78,17112,29086
12/26/2012,08:08,26.77,26.78,26.75,26.76,41034,86831
12/26/2012,08:09,26.75,26.77,26.75,26.75,20225,29723
12/26/2012,08:10,26.75,26.78,26.75,26.77,41241,21562
12/26/2012,08:11,26.76,26.77,26.75,26.77,37604,46314
12/26/2012,08:12,26.77,26.77,26.75,26.76,3375,10625
12/26/2012,08:13,26.75,26.76,26.75,26.75,14774,46438
12/26/2012,08:14,26.75,26.79,26.75,26.78,46819,67604
12/26/2012,08:15,26.79,26.84,26.78,26.81,87120,48793
12/26/2012,08:16,26.80,26.82,26.80,26.82,13560,5705
12/26/2012,08:17,26.82,26.82,26.80,26.81,5687,9015
12/26/2012,08:18,26.80,26.81,26.79,26.79,8260,8360
12/26/2012,08:19,26.78,26.79,26.77,26.77,6340,9925
12/26/2012,08:20,26.77,26.79,26.77,26.78,9636,11057
12/26/2012,08:21,26.78,26.78,26.77,26.77,18350,8014
12/26/2012,08:22,26.77,26.78,26.75,26.76,22264,35682
12/26/2012,08:23,26.76,26.78,26.72,26.76,52685,90323
12/26/2012,08:24,26.77,26.77,26.75,26.75,3925,8225
12/26/2012,08:25,26.75,26.80,26.75,26.80,45299,28007
12/26/2012,08:26,26.76,26.81,26.76,26.81,16307,9259
12/26/2012,08:27,26.81,26.82,26.79,26.79,20816,17084
12/26/2012,08:28,26.80,26.82,26.79,26.80,21443,9676
12/26/2012,08:29,26.80,26.80,26.79,26.80,19892,13437
12/26/2012,08:30,26.80,26.81,26.76,26.77,18745,31601
12/26/2012,08:31,26.77,26.77,26.75,26.75,28316,81829
12/26/2012,08:32,26.75,26.78,26.75,26.77,27468,46501
12/26/2012,08:33,26.77,26.79,26.77,26.79,35110,8750
12/26/2012,08:34,26.79,26.79,26.77,26.78,15857,21758
12/26/2012,08:35,26.78,26.78,26.75,26.76,7196,40081
12/26/2012,08:36,26.75,26.78,26.75,26.76,27095,7923
12/26/2012,08:37,26.77,26.78,26.76,26.77,16476,5721
12/26/2012,08:38,26.77,26.79,26.77,26.79,14871,10606
12/26/2012,08:39,26.79,26.80,26.78,26.80,34022,8331
12/26/2012,08:40,26.78,26.79,26.76,26.77,31711,29907
12/26/2012,08:41,26.77,26.79,26.77,26.77,10972,19823
12/26/2012,08:42,26.78,26.80,26.78,26.80,16228,48972
12/26/2012,08:43,26.79,26.80,26.77,26.78,10850,53315
12/26/2012,08:44,26.78,26.79,26.78,26.78,1800,16572
12/26/2012,08:45,26.79,26.80,26.79,26.79,45437,4061
12/26/2012,08:46,26.78,26.80,26.77,26.78,9340,43170
12/26/2012,08:47,26.78,26.79,26.77,26.78,13200,17130
12/26/2012,08:48,26.77,26.78,26.75,26.75,8816,59560
12/26/2012,08:49,26.76,26.76,26.72,26.73,40486,127495
12/26/2012,08:50,26.73,26.74,26.73,26.73,9393,12713
12/26/2012,08:51,26.72,26.75,26.72,26.75,60250,17750
12/26/2012,08:52,26.76,26.76,26.75,26.75,3673,42090
12/26/2012,08:53,26.76,26.78,26.75,26.76,48371,35923
12/26/2012,08:54,26.77,26.77,26.75,26.76,7265,11463
12/26/2012,08:55,26.76,26.79,26.76,26.77,29715,25067
12/26/2012,08:56,26.78,26.79,26.75,26.76,44692,34192
12/26/2012,08:57,26.76,26.77,26.75,26.76,10876,20584
12/26/2012,08:58,26.76,26.77,26.75,26.76,10833,28641
12/26/2012,08:59,26.75,26.76,26.75,26.75,11575,16050
12/26/2012,09:00,26.75,26.77,26.75,26.75,20092,39178
12/26/2012,09:01,26.75,26.77,26.75,26.76,18200,16591
12/26/2012,09:02,26.76,26.76,26.74,26.75,40994,134920
12/26/2012,09:03,26.75,26.76,26.73,26.73,12763,68555
12/26/2012,09:04,26.73,26.74,26.72,26.73,28662,62315
12/26/2012,09:05,26.72,26.73,26.71,26.72,24190,35509
12/26/2012,09:06,26.71,26.75,26.67,26.69,45780,164993
12/26/2012,09:07,26.68,26.69,26.65,26.67,51733,58173
12/26/2012,09:08,26.66,26.69,26.66,26.67,40335,54207
12/26/2012,09:09,26.67,26.68,26.64,26.64,41134,51206
12/26/2012,09:10,26.64,26.65,26.60,26.61,52135,60841
12/26/2012,09:11,26.62,26.63,26.60,26.61,90154,66570
12/26/2012,09:12,26.61,26.62,26.60,26.60,45527,93613
12/26/2012,09:13,26.61,26.62,26.56,26.56,62178,80985
12/26/2012,09:14,26.57,26.58,26.54,26.55,45480,98857
12/26/2012,09:15,26.55,26.58,26.54,26.56,75455,63612
12/26/2012,09:16,26.55,26.56,26.53,26.54,48936,52144
12/26/2012,09:17,26.54,26.61,26.54,26.59,97897,31185
12/26/2012,09:18,26.59,26.65,26.58,26.59,60464,55495
12/26/2012,09:19,26.60,26.62,26.59,26.60,10824,13545
12/26/2012,09:20,26.61,26.62,26.59,26.62,21105,19921
12/26/2012,09:21,26.59,26.63,26.59,26.59,24842,28901
12/26/2012,09:22,26.59,26.61,26.59,26.61,11397,14767
12/26/2012,09:23,26.59,26.65,26.59,26.64,44430,27494
12/26/2012,09:24,26.64,26.65,26.62,26.63,12286,27696
12/26/2012,09:25,26.62,26.63,26.62,26.62,3400,2100
12/26/2012,09:26,26.62,26.69,26.62,26.68,68567,23139
12/26/2012,09:27,26.68,26.75,26.68,26.72,103560,76081
12/26/2012,09:28,26.73,26.80,26.73,26.80,108841,68744
12/26/2012,09:29,26.78,26.81,26.72,26.72,117380,180047
12/26/2012,09:30,26.72,26.74,26.71,26.72,53735,36572
12/26/2012,09:31,26.72,26.72,26.69,26.69,44828,55142
12/26/2012,09:32,26.69,26.73,26.69,26.73,63587,12369
12/26/2012,09:33,26.73,26.75,26.72,26.75,75170,46400
12/26/2012,09:34,26.75,26.76,26.73,26.73,50774,44516
12/26/2012,09:35,26.74,26.76,26.74,26.76,58048,12519
12/26/2012,09:36,26.76,26.76,26.71,26.71,28521,43875
12/26/2012,09:37,26.70,26.73,26.68,26.71,54632,44986
12/26/2012,09:38,26.71,26.73,26.70,26.73,46546,4135
12/26/2012,09:39,26.73,26.74,26.72,26.74,25057,11155
12/26/2012,09:40,26.74,26.74,26.69,26.69,15159,32091
12/26/2012,09:41,26.69,26.70,26.68,26.69,43052,7550
12/26/2012,09:42,26.70,26.73,26.70,26.70,37739,21622
12/26/2012,09:43,26.70,26.70,26.66,26.68,17575,33702
12/26/2012,09:44,26.68,26.70,26.67,26.68,18970,4918
12/26/2012,09:45,26.68,26.69,26.67,26.69,21230,29129
12/26/2012,09:46,26.68,26.70,26.67,26.70,35421,18749
12/26/2012,09:47,26.69,26.72,26.69,26.72,45331,12600
12/26/2012,09:48,26.72,26.73,26.70,26.72,23696,16031
12/26/2012,09:49,26.73,26.74,26.72,26.73,23064,5096
12/26/2012,09:50,26.73,26.74,26.71,26.73,14386,22324
12/26/2012,09:51,26.72,26.76,26.71,26.75,80932,41270
12/26/2012,09:52,26.75,26.75,26.73,26.75,4920,17842
12/26/2012,09:53,26.75,26.75,26.74,26.75,10416,28839
12/26/2012,09:54,26.74,26.77,26.74,26.76,37368,27341
12/26/2012,09:55,26.75,26.76,26.75,26.76,16710,27071
12/26/2012,09:56,26.76,26.77,26.75,26.77,29777,26415
12/26/2012,09:57,26.77,26.78,26.76,26.78,28789,19116
12/26/2012,09:58,26.78,26.79,26.77,26.77,36424,23838
12/26/2012,09:59,26.78,26.78,26.75,26.75,14079,44043
12/26/2012,10:00,26.75,26.76,26.74,26.75,22497,37940
12/26/2012,10:01,26.75,26.76,26.74,26.76,50318,39287
12/26/2012,10:02,26.76,26.76,26.72,26.73,16550,46152
12/26/2012,10:03,26.73,26.74,26.72,26.72,15392,35310
12/26/2012,10:04,26.72,26.73,26.68,26.71,40607,63087
12/26/2012,10:05,26.70,26.72,26.70,26.70,21964,14638
12/26/2012,10:06,26.70,26.71,26.68,26.71,39731,16305
12/26/2012,10:07,26.70,26.74,26.70,26.70,7908,2386
12/26/2012,10:08,26.70,26.71,26.70,26.71,14351,4870
12/26/2012,10:09,26.71,26.73,26.70,26.72,10836,2900
12/26/2012,10:10,26.72,26.73,26.71,26.72,4850,13140
12/26/2012,10:11,26.72,26.72,26.68,26.70,5977,25773
12/26/2012,10:12,26.70,26.70,26.67,26.70,23431,13122
12/26/2012,10:13,26.69,26.71,26.67,26.70,29277,18437
12/26/2012,10:14,26.71,26.71,26.69,26.69,350,11382
12/26/2012,10:15,26.69,26.70,26.66,26.70,43600,27993
12/26/2012,10:16,26.69,26.70,26.69,26.70,7584,900
12/26/2012,10:17,26.69,26.70,26.69,26.69,2725,5900
12/26/2012,10:18,26.70,26.70,26.67,26.69,27651,44048
12/26/2012,10:19,26.70,26.70,26.69,26.69,16795,3500
12/26/2012,10:20,26.70,26.70,26.69,26.69,36540,26900
12/26/2012,10:21,26.70,26.70,26.69,26.69,52067,9250
12/26/2012,10:22,26.69,26.72,26.69,26.71,19819,13566
12/26/2012,10:23,26.71,26.72,26.70,26.71,46835,11900
12/26/2012,10:24,26.72,26.74,26.71,26.73,48440,18790
12/26/2012,10:25,26.73,26.73,26.72,26.73,8400,5676
12/26/2012,10:26,26.72,26.74,26.71,26.74,12077,5104
12/26/2012,10:27,26.74,26.74,26.71,26.72,5627,12401
12/26/2012,10:28,26.72,26.74,26.72,26.72,14601,5659
12/26/2012,10:29,26.72,26.75,26.70,26.73,49162,22977
12/26/2012,10:30,26.73,26.77,26.73,26.76,110200,21632
12/26/2012,10:31,26.74,26.76,26.74,26.75,6436,8089
12/26/2012,10:32,26.76,26.77,26.75,26.76,11729,12467
12/26/2012,10:33,26.76,26.77,26.75,26.76,10515,5136
12/26/2012,10:34,26.76,26.77,26.74,26.77,35184,35409
12/26/2012,10:35,26.76,26.77,26.75,26.77,20133,15348
12/26/2012,10:36,26.77,26.77,26.73,26.73,6233,23152
12/26/2012,10:37,26.74,26.74,26.71,26.71,12139,17643
12/26/2012,10:38,26.71,26.72,26.70,26.70,25621,6891
12/26/2012,10:39,26.71,26.73,26.70,26.72,45623,16214
12/26/2012,10:40,26.71,26.72,26.70,26.70,5425,23695
12/26/2012,10:41,26.70,26.74,26.70,26.70,8695,14317
12/26/2012,10:42,26.70,26.73,26.69,26.72,51056,80284
12/26/2012,10:43,26.73,26.73,26.71,26.71,3143,10827
12/26/2012,10:44,26.71,26.72,26.70,26.72,5400,3601
12/26/2012,10:45,26.72,26.72,26.70,26.70,3510,6800
12/26/2012,10:46,26.70,26.71,26.69,26.69,6200,9800
12/26/2012,10:47,26.69,26.70,26.68,26.68,6573,17983
12/26/2012,10:48,26.68,26.69,26.68,26.68,9446,6100
12/26/2012,10:49,26.68,26.69,26.67,26.68,18044,10662
12/26/2012,10:50,26.68,26.68,26.67,26.67,2682,34100
12/26/2012,10:51,26.67,26.70,26.65,26.67,39123,15461
12/26/2012,10:52,26.67,26.76,26.67,26.74,113666,35607
12/26/2012,10:53,26.73,26.74,26.71,26.71,5700,19477
12/26/2012,10:54,26.71,26.73,26.71,26.73,12601,6500
12/26/2012,10:55,26.73,26.73,26.71,26.71,1030,3719
12/26/2012,10:56,26.71,26.72,26.71,26.71,5538,1200
12/26/2012,10:57,26.72,26.72,26.71,26.71,1243,1000
12/26/2012,10:58,26.72,26.72,26.71,26.71,4612,2775
12/26/2012,10:59,26.71,26.73,26.71,26.72,12910,20456
12/26/2012,11:00,26.73,26.73,26.71,26.73,43261,9849
12/26/2012,11:01,26.72,26.73,26.72,26.73,6600,26403
12/26/2012,11:02,26.73,26.76,26.73,26.75,50374,27369
12/26/2012,11:03,26.75,26.76,26.75,26.75,4200,5300
12/26/2012,11:04,26.75,26.78,26.75,26.77,33654,12967
12/26/2012,11:05,26.77,26.78,26.75,26.75,15788,24292
12/26/2012,11:06,26.75,26.77,26.75,26.76,17489,12815
12/26/2012,11:07,26.76,26.77,26.76,26.76,12070,11500
12/26/2012,11:08,26.77,26.77,26.75,26.75,9500,39020
12/26/2012,11:09,26.76,26.76,26.75,26.76,18130,7900
12/26/2012,11:10,26.75,26.76,26.75,26.75,11919,19227
12/26/2012,11:11,26.75,26.76,26.75,26.75,1435,14200
12/26/2012,11:12,26.75,26.76,26.74,26.74,26813,41769
12/26/2012,11:13,26.75,26.76,26.74,26.76,27002,10500
12/26/2012,11:14,26.76,26.76,26.74,26.74,3700,23998
12/26/2012,11:15,26.74,26.76,26.73,26.75,14838,17927
12/26/2012,11:16,26.76,26.77,26.76,26.76,8591,29261
12/26/2012,11:17,26.76,26.77,26.75,26.77,5275,13686
12/26/2012,11:18,26.77,26.78,26.74,26.77,34781,53981
12/26/2012,11:19,26.77,26.77,26.75,26.75,3480,12137
12/26/2012,11:20,26.76,26.76,26.75,26.76,1795,600
12/26/2012,11:21,26.75,26.76,26.75,26.75,6381,19252
12/26/2012,11:22,26.74,26.76,26.74,26.75,15641,18744
12/26/2012,11:23,26.74,26.75,26.71,26.72,28650,60592
12/26/2012,11:24,26.72,26.75,26.70,26.70,4545,8085
12/26/2012,11:25,26.70,26.71,26.69,26.69,15170,52083
12/26/2012,11:26,26.69,26.69,26.67,26.69,28899,23187
12/26/2012,11:27,26.69,26.69,26.68,26.68,14975,3784
12/26/2012,11:28,26.68,26.70,26.68,26.69,30715,14998
12/26/2012,11:29,26.70,26.70,26.67,26.68,23975,41829
12/26/2012,11:30,26.67,26.67,26.66,26.67,11133,52114
12/26/2012,11:31,26.66,26.70,26.66,26.69,29644,3114
12/26/2012,11:32,26.70,26.71,26.69,26.71,13950,3950
12/26/2012,11:33,26.70,26.71,26.70,26.70,5790,7300
12/26/2012,11:34,26.70,26.71,26.69,26.70,3900,27651
12/26/2012,11:35,26.71,26.71,26.70,26.71,5654,8048
12/26/2012,11:36,26.71,26.74,26.70,26.73,47663,7929
12/26/2012,11:37,26.74,26.74,26.73,26.74,10191,6037
12/26/2012,11:38,26.74,26.75,26.73,26.75,14931,22251
12/26/2012,11:39,26.75,26.75,26.74,26.75,7136,4065
12/26/2012,11:40,26.75,26.75,26.74,26.75,2542,10102
12/26/2012,11:41,26.74,26.75,26.74,26.75,9628,27936
12/26/2012,11:42,26.75,26.75,26.73,26.73,4593,14026
12/26/2012,11:43,26.72,26.73,26.71,26.71,3521,13545
12/26/2012,11:44,26.72,26.73,26.70,26.71,25248,26669
12/26/2012,11:45,26.70,26.70,26.69,26.69,18055,8243
12/26/2012,11:46,26.70,26.70,26.68,26.68,4000,16476
12/26/2012,11:47,26.69,26.69,26.66,26.66,9725,22211
12/26/2012,11:48,26.67,26.67,26.64,26.65,19918,67002
12/26/2012,11:49,26.65,26.65,26.62,26.62,14425,33143
12/26/2012,11:50,26.63,26.68,26.63,26.68,76819,16350
12/26/2012,11:51,26.67,26.68,26.64,26.64,6298,21261
12/26/2012,11:52,26.65,26.68,26.64,26.67,16833,8750
12/26/2012,11:53,26.68,26.69,26.67,26.69,16126,11856
12/26/2012,11:54,26.68,26.70,26.67,26.69,22323,17370
12/26/2012,11:55,26.68,26.69,26.67,26.69,15770,28363
12/26/2012,11:56,26.68,26.69,26.67,26.68,9300,25043
12/26/2012,11:57,26.68,26.68,26.67,26.68,11230,8432
12/26/2012,11:58,26.68,26.72,26.68,26.70,67783,19589
12/26/2012,11:59,26.69,26.70,26.66,26.66,14709,34212
12/26/2012,12:00,26.66,26.67,26.65,26.65,16224,24842
12/26/2012,12:01,26.66,26.67,26.65,26.66,23799,8281
12/26/2012,12:02,26.66,26.67,26.64,26.66,32356,27032
12/26/2012,12:03,26.65,26.67,26.65,26.67,18794,34077
12/26/2012,12:04,26.66,26.67,26.65,26.65,6866,31208
12/26/2012,12:05,26.64,26.65,26.63,26.64,5244,23350
12/26/2012,12:06,26.63,26.64,26.61,26.62,10011,42835
12/26/2012,12:07,26.61,26.62,26.60,26.61,27075,34705
12/26/2012,12:08,26.61,26.61,26.59,26.60,17922,33621
12/26/2012,12:09,26.59,26.64,26.59,26.59,15200,6500
12/26/2012,12:10,26.59,26.64,26.59,26.64,70158,44039
12/26/2012,12:11,26.64,26.66,26.63,26.64,21779,13444
12/26/2012,12:12,26.63,26.64,26.63,26.64,8022,5376
12/26/2012,12:13,26.63,26.64,26.62,26.63,7659,36830
12/26/2012,12:14,26.64,26.64,26.61,26.62,11961,25025
12/26/2012,12:15,26.61,26.62,26.59,26.59,11421,48175
12/26/2012,12:16,26.59,26.60,26.57,26.58,35919,42647
12/26/2012,12:17,26.58,26.58,26.55,26.57,14200,46668
12/26/2012,12:18,26.57,26.57,26.53,26.55,65073,88763
12/26/2012,12:19,26.54,26.58,26.52,26.52,40446,169734
12/26/2012,12:20,26.52,26.55,26.51,26.55,92541,95094
12/26/2012,12:21,26.54,26.55,26.53,26.55,20481,37937
12/26/2012,12:22,26.54,26.56,26.54,26.56,39034,32185
12/26/2012,12:23,26.56,26.56,26.55,26.56,12260,9259
12/26/2012,12:24,26.55,26.56,26.53,26.54,26338,53172
12/26/2012,12:25,26.53,26.54,26.50,26.50,25442,69168
12/26/2012,12:26,26.51,26.52,26.50,26.51,115720,77580
12/26/2012,12:27,26.51,26.52,26.50,26.51,36574,41769
12/26/2012,12:28,26.50,26.51,26.44,26.47,140168,206082
12/26/2012,12:29,26.48,26.51,26.47,26.50,81572,145504
12/26/2012,12:30,26.51,26.54,26.47,26.48,59939,65224
12/26/2012,12:31,26.47,26.51,26.47,26.49,64539,51411
12/26/2012,12:32,26.48,26.49,26.48,26.48,12645,12188
12/26/2012,12:33,26.48,26.51,26.48,26.51,37813,16899
12/26/2012,12:34,26.51,26.53,26.50,26.53,38193,21169
12/26/2012,12:35,26.53,26.53,26.51,26.53,27856,67106
12/26/2012,12:36,26.52,26.57,26.52,26.56,52669,20425
12/26/2012,12:37,26.55,26.56,26.55,26.56,5712,14487
12/26/2012,12:38,26.56,26.56,26.54,26.54,7129,57189
12/26/2012,12:39,26.55,26.55,26.50,26.51,30611,68715
12/26/2012,12:40,26.51,26.51,26.47,26.48,24345,59823
12/26/2012,12:41,26.47,26.49,26.46,26.47,48485,49556
12/26/2012,12:42,26.47,26.47,26.41,26.42,42085,126880
12/26/2012,12:43,26.42,26.45,26.41,26.44,49180,29792
12/26/2012,12:44,26.44,26.45,26.42,26.43,27772,36040
12/26/2012,12:45,26.42,26.44,26.42,26.43,18822,33814
12/26/2012,12:46,26.44,26.48,26.43,26.48,125594,45485
12/26/2012,12:47,26.48,26.48,26.44,26.45,30186,40364
12/26/2012,12:48,26.44,26.44,26.42,26.42,25167,87156
12/26/2012,12:49,26.42,26.43,26.41,26.41,20813,68205
12/26/2012,12:50,26.41,26.42,26.38,26.40,144189,173734
12/26/2012,12:51,26.41,26.48,26.40,26.44,133551,141013
12/26/2012,12:52,26.44,26.51,26.43,26.51,129112,121089
12/26/2012,12:53,26.50,26.52,26.49,26.52,35322,86720
12/26/2012,12:54,26.51,26.53,26.50,26.50,57384,51846
12/26/2012,12:55,26.50,26.54,26.50,26.54,63839,80532
12/26/2012,12:56,26.53,26.53,26.50,26.53,83229,57198
12/26/2012,12:57,26.53,26.53,26.50,26.50,30863,170156
12/26/2012,12:58,26.50,26.51,26.49,26.50,70253,205390
12/26/2012,12:59,26.50,26.51,26.47,26.47,117011,252446
12/26/2012,13:00,26.48,26.51,26.47,26.51,263123,143228
12/27/2012,06:31,26.55,26.63,26.52,26.54,61343,379283
12/27/2012,06:32,26.54,26.56,26.41,26.44,99476,185433
12/27/2012,06:33,26.44,26.52,26.41,26.42,113706,115549
12/27/2012,06:34,26.41,26.48,26.39,26.40,126642,115895
12/27/2012,06:35,26.39,26.52,26.38,26.47,107907,70070
12/27/2012,06:36,26.47,26.48,26.41,26.42,25682,49620
12/27/2012,06:37,26.42,26.49,26.42,26.44,51149,53540
12/27/2012,06:38,26.43,26.43,26.34,26.40,77669,119367
12/27/2012,06:39,26.41,26.44,26.40,26.42,24687,17390
12/27/2012,06:40,26.41,26.42,26.35,26.36,28275,61587
12/27/2012,06:41,26.35,26.51,26.35,26.51,151620,94264
12/27/2012,06:42,26.51,26.53,26.42,26.45,103147,92283
12/27/2012,06:43,26.45,26.47,26.42,26.46,63416,53114
12/27/2012,06:44,26.47,26.54,26.47,26.52,72922,31755
12/27/2012,06:45,26.51,26.61,26.50,26.61,111630,95502
12/27/2012,06:46,26.60,26.70,26.59,26.67,137827,145342
12/27/2012,06:47,26.66,26.75,26.66,26.72,108907,138772
12/27/2012,06:48,26.72,26.75,26.70,26.74,81759,54080
12/27/2012,06:49,26.74,26.80,26.73,26.80,197947,108849
12/27/2012,06:50,26.79,26.80,26.75,26.76,61650,66276
12/27/2012,06:51,26.76,26.79,26.74,26.74,73006,89243
12/27/2012,06:52,26.73,26.75,26.67,26.73,108417,137182
12/27/2012,06:53,26.73,26.73,26.65,26.67,80133,56490
12/27/2012,06:54,26.67,26.72,26.63,26.69,85183,84190
12/27/2012,06:55,26.68,26.72,26.66,26.66,16986,17968
12/27/2012,06:56,26.66,26.67,26.60,26.65,113794,72614
12/27/2012,06:57,26.65,26.65,26.61,26.62,35486,62233
12/27/2012,06:58,26.61,26.65,26.61,26.65,44746,41064
12/27/2012,06:59,26.64,26.64,26.58,26.58,23828,55584
12/27/2012,07:00,26.59,26.66,26.57,26.65,110815,60711
12/27/2012,07:01,26.64,26.68,26.60,26.62,90634,55155
12/27/2012,07:02,26.62,26.64,26.55,26.59,83331,98504
12/27/2012,07:03,26.65,26.65,26.58,26.59,25809,41875
12/27/2012,07:04,26.59,26.61,26.57,26.60,37631,36242
12/27/2012,07:05,26.60,26.60,26.57,26.57,27108,43538
12/27/2012,07:06,26.56,26.63,26.56,26.63,122822,29742
12/27/2012,07:07,26.63,26.66,26.61,26.66,41186,30776
12/27/2012,07:08,26.66,26.66,26.54,26.54,38300,96902
12/27/2012,07:09,26.55,26.55,26.48,26.49,143853,125633
12/27/2012,07:10,26.50,26.50,26.44,26.47,44470,87377
12/27/2012,07:11,26.46,26.49,26.45,26.46,73355,47096
12/27/2012,07:12,26.47,26.48,26.46,26.47,22992,40442
12/27/2012,07:13,26.47,26.48,26.44,26.45,46491,76127
12/27/2012,07:14,26.44,26.45,26.42,26.42,13952,21691
12/27/2012,07:15,26.43,26.50,26.42,26.45,66601,98764
12/27/2012,07:16,26.44,26.51,26.44,26.46,13178,12957
12/27/2012,07:17,26.44,26.45,26.40,26.41,47396,95213
12/27/2012,07:18,26.41,26.44,26.41,26.43,41826,33738
12/27/2012,07:19,26.43,26.44,26.43,26.44,9200,28462
12/27/2012,07:20,26.44,26.44,26.37,26.39,52305,100566
12/27/2012,07:21,26.37,26.43,26.37,26.41,61514,66984
12/27/2012,07:22,26.41,26.41,26.32,26.36,77214,112689
12/27/2012,07:23,26.37,26.38,26.33,26.34,75756,89635
12/27/2012,07:24,26.34,26.34,26.26,26.27,192136,256991
12/27/2012,07:25,26.27,26.42,26.26,26.41,169934,164282
12/27/2012,07:26,26.41,26.42,26.32,26.33,77406,230338
12/27/2012,07:27,26.34,26.40,26.34,26.38,137154,76770
12/27/2012,07:28,26.38,26.39,26.33,26.34,117334,97514
12/27/2012,07:29,26.34,26.37,26.31,26.35,77285,49575
12/27/2012,07:30,26.36,26.38,26.32,26.37,61755,48889
12/27/2012,07:31,26.36,26.38,26.35,26.38,32567,27049
12/27/2012,07:32,26.37,26.37,26.32,26.32,47298,51066
12/27/2012,07:33,26.32,26.34,26.31,26.32,23107,41200
12/27/2012,07:34,26.33,26.33,26.26,26.29,68615,79582
12/27/2012,07:35,26.29,26.36,26.29,26.36,38900,42828
12/27/2012,07:36,26.35,26.38,26.35,26.35,50580,48865
12/27/2012,07:37,26.36,26.38,26.36,26.37,41975,39976
12/27/2012,07:38,26.38,26.38,26.33,26.33,31963,92246
12/27/2012,07:39,26.32,26.39,26.31,26.33,41820,65623
12/27/2012,07:40,26.33,26.34,26.31,26.33,20832,31519
12/27/2012,07:41,26.32,26.32,26.29,26.30,22088,75360
12/27/2012,07:42,26.30,26.32,26.28,26.31,49098,38020
12/27/2012,07:43,26.32,26.34,26.30,26.31,63254,42887
12/27/2012,07:44,26.32,26.32,26.28,26.30,26457,51841
12/27/2012,07:45,26.30,26.34,26.28,26.28,43058,72359
12/27/2012,07:46,26.28,26.33,26.27,26.30,57066,24857
12/27/2012,07:47,26.31,26.35,26.31,26.32,47662,35108
12/27/2012,07:48,26.32,26.41,26.31,26.38,131743,86734
12/27/2012,07:49,26.39,26.48,26.39,26.44,136351,162163
12/27/2012,07:50,26.43,26.47,26.42,26.45,63272,70354
12/27/2012,07:51,26.46,26.47,26.43,26.44,34053,48329
12/27/2012,07:52,26.44,26.45,26.41,26.42,47011,62342
12/27/2012,07:53,26.42,26.47,26.40,26.45,69815,54207
12/27/2012,07:54,26.46,26.48,26.44,26.46,71852,48225
12/27/2012,07:55,26.47,26.49,26.46,26.49,86324,40727
12/27/2012,07:56,26.48,26.49,26.44,26.44,40384,45357
12/27/2012,07:57,26.44,26.45,26.38,26.40,89927,101427
12/27/2012,07:58,26.40,26.41,26.37,26.38,34154,79209
12/27/2012,07:59,26.38,26.40,26.36,26.36,20730,42368
12/27/2012,08:00,26.36,26.37,26.30,26.32,34947,99451
12/27/2012,08:01,26.32,26.35,26.32,26.35,41123,35237
12/27/2012,08:02,26.35,26.39,26.34,26.35,65246,64113
12/27/2012,08:03,26.35,26.40,26.35,26.40,35746,22826
12/27/2012,08:04,26.40,26.41,26.39,26.41,13095,8180
12/27/2012,08:05,26.41,26.41,26.40,26.41,7497,47854
12/27/2012,08:06,26.41,26.41,26.32,26.35,62493,138205
12/27/2012,08:07,26.35,26.35,26.30,26.30,35199,76723
12/27/2012,08:08,26.31,26.32,26.30,26.31,9039,11550
12/27/2012,08:09,26.30,26.31,26.28,26.30,61921,14321
12/27/2012,08:10,26.30,26.31,26.28,26.30,40342,28083
12/27/2012,08:11,26.30,26.35,26.30,26.30,29874,77554
12/27/2012,08:12,26.31,26.33,26.30,26.31,19882,24651
12/27/2012,08:13,26.30,26.31,26.28,26.28,8390,41380
12/27/2012,08:14,26.27,26.31,26.27,26.29,20312,47318
12/27/2012,08:15,26.29,26.30,26.28,26.29,11216,11753
12/27/2012,08:16,26.29,26.29,26.28,26.28,8289,26365
12/27/2012,08:17,26.29,26.33,26.28,26.31,61985,28641
12/27/2012,08:18,26.31,26.33,26.30,26.30,15088,14167
12/27/2012,08:19,26.31,26.32,26.28,26.28,25800,28826
12/27/2012,08:20,26.28,26.29,26.26,26.27,17958,39629
12/27/2012,08:21,26.27,26.28,26.27,26.28,17000,12668
12/27/2012,08:22,26.27,26.28,26.25,26.25,64884,72294
12/27/2012,08:23,26.25,26.26,26.23,26.24,39157,91795
12/27/2012,08:24,26.25,26.31,26.25,26.25,11950,27054
12/27/2012,08:25,26.26,26.26,26.21,26.21,36601,35651
12/27/2012,08:26,26.21,26.25,26.21,26.25,21128,19931
12/27/2012,08:27,26.24,26.26,26.23,26.25,10300,19692
12/27/2012,08:28,26.25,26.27,26.23,26.26,30175,27924
12/27/2012,08:29,26.27,26.29,26.25,26.25,47682,59353
12/27/2012,08:30,26.25,26.29,26.25,26.26,26504,20807
12/27/2012,08:31,26.26,26.28,26.25,26.26,38429,61080
12/27/2012,08:32,26.26,26.30,26.25,26.28,28636,8344
12/27/2012,08:33,26.27,26.28,26.24,26.25,11959,25021
12/27/2012,08:34,26.24,26.24,26.23,26.24,23348,11466
12/27/2012,08:35,26.25,26.25,26.16,26.16,59649,100271
12/27/2012,08:36,26.16,26.18,26.14,26.15,90397,74930
12/27/2012,08:37,26.16,26.18,26.14,26.18,44273,33015
12/27/2012,08:38,26.18,26.20,26.15,26.16,29174,50330
12/27/2012,08:39,26.16,26.20,26.15,26.20,64408,15018
12/27/2012,08:40,26.19,26.20,26.18,26.19,15171,15555
12/27/2012,08:41,26.18,26.22,26.18,26.21,17520,9290
12/27/2012,08:42,26.20,26.22,26.19,26.21,23668,26364
12/27/2012,08:43,26.21,26.23,26.20,26.22,19037,14100
12/27/2012,08:44,26.22,26.22,26.18,26.20,20573,47297
12/27/2012,08:45,26.19,26.22,26.19,26.21,9735,2440
12/27/2012,08:46,26.21,26.22,26.19,26.20,79427,46725
12/27/2012,08:47,26.21,26.21,26.17,26.19,18173,13522
12/27/2012,08:48,26.18,26.20,26.18,26.18,21016,29431
12/27/2012,08:49,26.18,26.19,26.16,26.17,14080,24752
12/27/2012,08:50,26.17,26.20,26.17,26.19,17601,13086
12/27/2012,08:51,26.19,26.20,26.14,26.14,19945,72718
12/27/2012,08:52,26.14,26.18,26.14,26.16,37314,11341
12/27/2012,08:53,26.15,26.17,26.15,26.16,11194,9295
12/27/2012,08:54,26.16,26.17,26.15,26.17,8950,16675
12/27/2012,08:55,26.16,26.19,26.15,26.17,41315,65069
12/27/2012,08:56,26.17,26.17,26.14,26.14,19195,74010
12/27/2012,08:57,26.14,26.16,26.12,26.12,62491,85409
12/27/2012,08:58,26.12,26.13,26.06,26.09,66501,166299
12/27/2012,08:59,26.08,26.10,26.05,26.09,89680,95344
12/27/2012,09:00,26.08,26.09,26.04,26.05,38146,96927
12/27/2012,09:01,26.05,26.05,26.02,26.03,24294,66175
12/27/2012,09:02,26.03,26.04,25.88,25.91,449491,626866
12/27/2012,09:03,25.90,25.91,25.83,25.91,264831,179223
12/27/2012,09:04,25.90,25.90,25.85,25.88,156473,171241
12/27/2012,09:05,25.88,25.88,25.75,25.79,144793,382412
12/27/2012,09:06,25.79,25.84,25.77,25.84,155130,89856
12/27/2012,09:07,25.84,25.84,25.76,25.77,28287,58018
12/27/2012,09:08,25.78,25.82,25.77,25.77,89631,53570
12/27/2012,09:09,25.77,25.83,25.77,25.82,82284,50423
12/27/2012,09:10,25.82,25.83,25.77,25.81,105141,58181
12/27/2012,09:11,25.81,25.82,25.78,25.79,62694,51070
12/27/2012,09:12,25.78,25.82,25.77,25.80,118623,60229
12/27/2012,09:13,25.80,25.85,25.79,25.84,86683,37192
12/27/2012,09:14,25.84,25.89,25.83,25.87,66355,27898
12/27/2012,09:15,25.88,25.91,25.88,25.91,80862,98838
12/27/2012,09:16,25.91,25.94,25.90,25.90,36387,39904
12/27/2012,09:17,25.92,25.92,25.90,25.90,12206,148818
12/27/2012,09:18,25.90,25.93,25.90,25.92,50297,23557
12/27/2012,09:19,25.92,25.93,25.90,25.90,21950,28328
12/27/2012,09:20,25.90,25.91,25.85,25.88,42640,54602
12/27/2012,09:21,25.88,25.89,25.86,25.88,18884,9133
12/27/2012,09:22,25.89,25.90,25.85,25.88,22709,28168
12/27/2012,09:23,25.89,25.90,25.82,25.83,21972,44366
12/27/2012,09:24,25.82,25.85,25.81,25.82,31177,40970
12/27/2012,09:25,25.82,25.85,25.81,25.84,26150,25760
12/27/2012,09:26,25.84,25.90,25.83,25.85,56058,41529
12/27/2012,09:27,25.86,25.86,25.81,25.82,21454,37166
12/27/2012,09:28,25.82,25.84,25.81,25.84,30161,15651
12/27/2012,09:29,25.84,25.84,25.80,25.81,19693,25493
12/27/2012,09:30,25.82,25.82,25.77,25.81,51813,41496
12/27/2012,09:31,25.81,25.81,25.76,25.76,37880,68693
12/27/2012,09:32,25.76,25.81,25.76,25.77,57338,23241
12/27/2012,09:33,25.77,25.78,25.75,25.75,17861,41827
12/27/2012,09:34,25.75,25.76,25.71,25.73,125884,129841
12/27/2012,09:35,25.74,25.74,25.68,25.69,43306,109192
12/27/2012,09:36,25.69,25.70,25.65,25.70,121106,124805
12/27/2012,09:37,25.71,25.73,25.69,25.69,69728,53179
12/27/2012,09:38,25.69,25.70,25.66,25.68,160429,101231
12/27/2012,09:39,25.68,25.71,25.66,25.71,144414,60656
12/27/2012,09:40,25.71,25.74,25.71,25.72,56974,61479
12/27/2012,09:41,25.71,25.75,25.71,25.74,35622,18430
12/27/2012,09:42,25.75,25.81,25.74,25.80,90434,81456
12/27/2012,09:43,25.80,25.80,25.76,25.76,12205,31718
12/27/2012,09:44,25.76,25.77,25.72,25.76,30015,70407
12/27/2012,09:45,25.75,25.81,25.75,25.80,32057,13915
12/27/2012,09:46,25.80,25.81,25.78,25.79,39587,27506
12/27/2012,09:47,25.79,25.84,25.77,25.81,49118,41915
12/27/2012,09:48,25.81,25.89,25.81,25.83,79398,78972
12/27/2012,09:49,25.84,25.89,25.83,25.86,110956,51502
12/27/2012,09:50,25.86,25.89,25.85,25.87,31363,26586
12/27/2012,09:51,25.87,25.89,25.83,25.83,18208,29198
12/27/2012,09:52,25.82,25.86,25.81,25.82,33742,74573
12/27/2012,09:53,25.82,25.83,25.78,25.80,31915,42725
12/27/2012,09:54,25.79,25.84,25.79,25.84,15425,16587
12/27/2012,09:55,25.83,25.85,25.83,25.85,22950,12794
12/27/2012,09:56,25.85,25.85,25.82,25.84,23198,80542
12/27/2012,09:57,25.84,25.84,25.73,25.76,164736,152290
12/27/2012,09:58,25.76,25.77,25.75,25.76,20290,28789
12/27/2012,09:59,25.76,25.78,25.75,25.78,24658,31568
12/27/2012,10:00,25.78,25.79,25.76,25.78,25381,20317
12/27/2012,10:01,25.78,25.78,25.73,25.73,22553,71905
12/27/2012,10:02,25.74,25.76,25.73,25.75,73106,17700
12/27/2012,10:03,25.75,25.76,25.74,25.75,23634,13280
12/27/2012,10:04,25.76,25.76,25.72,25.74,28145,44569
12/27/2012,10:05,25.74,25.79,25.73,25.77,77712,30875
12/27/2012,10:06,25.77,25.82,25.76,25.80,34713,12906
12/27/2012,10:07,25.80,25.81,25.79,25.80,50227,32405
12/27/2012,10:08,25.80,25.85,25.80,25.84,78177,24650
12/27/2012,10:09,25.83,25.87,25.82,25.86,78430,39610
12/27/2012,10:10,25.87,25.88,25.84,25.85,76234,54946
12/27/2012,10:11,25.86,25.86,25.83,25.85,30295,56105
12/27/2012,10:12,25.85,25.85,25.81,25.83,17620,48144
12/27/2012,10:13,25.83,25.83,25.80,25.81,14553,42485
12/27/2012,10:14,25.80,25.81,25.80,25.80,21481,36922
12/27/2012,10:15,25.81,25.82,25.76,25.78,24812,64248
12/27/2012,10:16,25.78,25.80,25.78,25.79,19425,11907
12/27/2012,10:17,25.80,25.81,25.79,25.80,26260,5722
12/27/2012,10:18,25.81,25.82,25.80,25.82,18553,21634
12/27/2012,10:19,25.82,25.83,25.81,25.83,25082,26215
12/27/2012,10:20,25.83,25.85,25.82,25.85,35127,40280
12/27/2012,10:21,25.84,25.85,25.80,25.83,36273,46216
12/27/2012,10:22,25.82,25.83,25.80,25.81,9846,27328
12/27/2012,10:23,25.81,25.84,25.80,25.83,27617,23717
12/27/2012,10:24,25.84,25.84,25.79,25.82,35841,59007
12/27/2012,10:25,25.81,25.81,25.78,25.80,20578,20255
12/27/2012,10:26,25.80,25.81,25.80,25.81,2100,10025
12/27/2012,10:27,25.80,25.81,25.78,25.80,26200,20665
12/27/2012,10:28,25.80,25.80,25.76,25.76,73536,29990
12/27/2012,10:29,25.76,25.81,25.75,25.77,27368,13308
12/27/2012,10:30,25.76,25.80,25.76,25.79,37963,14456
12/27/2012,10:31,25.79,25.81,25.78,25.80,11244,6388
12/27/2012,10:32,25.81,25.81,25.78,25.80,12608,22407
12/27/2012,10:33,25.80,25.81,25.78,25.79,8750,12315
12/27/2012,10:34,25.79,25.80,25.76,25.78,16998,35624
12/27/2012,10:35,25.77,25.78,25.77,25.78,12910,19025
12/27/2012,10:36,25.78,25.79,25.76,25.79,23712,19872
12/27/2012,10:37,25.79,25.80,25.76,25.78,17100,14651
12/27/2012,10:38,25.78,25.79,25.73,25.73,17343,79533
12/27/2012,10:39,25.74,25.77,25.73,25.75,36481,17086
12/27/2012,10:40,25.76,25.77,25.74,25.77,29761,21900
12/27/2012,10:41,25.76,25.77,25.75,25.76,20398,13374
12/27/2012,10:42,25.76,25.77,25.75,25.77,35255,63228
12/27/2012,10:43,25.76,25.76,25.75,25.75,4515,36713
12/27/2012,10:44,25.75,25.76,25.74,25.75,18580,32215
12/27/2012,10:45,25.75,25.77,25.74,25.76,20775,14969
12/27/2012,10:46,25.77,25.80,25.75,25.75,12373,10657
12/27/2012,10:47,25.75,25.76,25.74,25.74,26725,18750
12/27/2012,10:48,25.74,25.77,25.73,25.75,25811,13284
12/27/2012,10:49,25.76,25.78,25.75,25.78,59762,5300
12/27/2012,10:50,25.78,25.78,25.75,25.76,12156,33602
12/27/2012,10:51,25.75,25.76,25.75,25.75,3850,4402
12/27/2012,10:52,25.75,25.77,25.75,25.76,30199,8716
12/27/2012,10:53,25.76,25.76,25.73,25.73,19899,21049
12/27/2012,10:54,25.74,25.74,25.69,25.71,16600,129048
12/27/2012,10:55,25.70,25.75,25.69,25.73,21217,56434
12/27/2012,10:56,25.73,25.77,25.73,25.74,42990,43080
12/27/2012,10:57,25.74,25.75,25.72,25.73,12800,22849
12/27/2012,10:58,25.74,25.74,25.72,25.73,13610,11290
12/27/2012,10:59,25.73,25.74,25.72,25.73,36435,7079
12/27/2012,11:00,25.73,25.74,25.70,25.71,25622,42068
12/27/2012,11:01,25.71,25.73,25.71,25.72,17031,23051
12/27/2012,11:02,25.73,25.73,25.69,25.70,12500,20753
12/27/2012,11:03,25.69,25.71,25.61,25.64,101523,148687
12/27/2012,11:04,25.64,25.66,25.64,25.65,49369,25750
12/27/2012,11:05,25.65,25.66,25.61,25.61,72862,124624
12/27/2012,11:06,25.62,25.62,25.55,25.56,58521,124415
12/27/2012,11:07,25.55,25.58,25.54,25.57,94865,84354
12/27/2012,11:08,25.57,25.57,25.55,25.56,21500,39544
12/27/2012,11:09,25.56,25.57,25.55,25.57,53396,33223
12/27/2012,11:10,25.57,25.58,25.52,25.55,29802,67961
12/27/2012,11:11,25.54,25.57,25.54,25.57,31183,16838
12/27/2012,11:12,25.57,25.58,25.54,25.55,53805,57100
12/27/2012,11:13,25.56,25.56,25.53,25.54,64257,34603
12/27/2012,11:14,25.55,25.55,25.53,25.53,12000,15550
12/27/2012,11:15,25.54,25.54,25.52,25.54,74350,19190
12/27/2012,11:16,25.54,25.58,25.53,25.58,51980,26699
12/27/2012,11:17,25.57,25.58,25.55,25.55,18885,29710
12/27/2012,11:18,25.56,25.59,25.56,25.58,18438,12500
12/27/2012,11:19,25.59,25.68,25.58,25.66,89546,44641
12/27/2012,11:20,25.67,25.70,25.64,25.64,43022,82324
12/27/2012,11:21,25.65,25.67,25.64,25.66,21977,27642
12/27/2012,11:22,25.65,25.67,25.64,25.64,13060,72366
12/27/2012,11:23,25.65,25.66,25.63,25.65,15295,21050
12/27/2012,11:24,25.65,25.66,25.60,25.61,50804,67598
12/27/2012,11:25,25.62,25.66,25.61,25.66,44029,17708
12/27/2012,11:26,25.66,25.67,25.63,25.65,13590,20575
12/27/2012,11:27,25.65,25.66,25.61,25.62,18001,34443
12/27/2012,11:28,25.63,25.68,25.62,25.63,16815,9350
12/27/2012,11:29,25.64,25.65,25.63,25.63,14927,10428
12/27/2012,11:30,25.64,25.64,25.60,25.61,9079,20030
12/27/2012,11:31,25.61,25.63,25.60,25.63,29756,18066
12/27/2012,11:32,25.63,25.63,25.61,25.61,3810,12243
12/27/2012,11:33,25.61,25.62,25.61,25.61,5800,7960
12/27/2012,11:34,25.61,25.62,25.58,25.58,10688,26043
12/27/2012,11:35,25.59,25.59,25.56,25.58,30398,35110
12/27/2012,11:36,25.58,25.64,25.58,25.63,81218,15169
12/27/2012,11:37,25.63,25.65,25.63,25.63,21382,11041
12/27/2012,11:38,25.64,25.64,25.62,25.62,5137,14358
12/27/2012,11:39,25.62,25.63,25.61,25.61,8017,24164
12/27/2012,11:40,25.61,25.63,25.61,25.62,11108,8350
12/27/2012,11:41,25.63,25.65,25.62,25.64,14259,3100
12/27/2012,11:42,25.63,25.65,25.63,25.65,17379,9963
12/27/2012,11:43,25.65,25.66,25.64,25.66,40034,34692
12/27/2012,11:44,25.66,25.67,25.63,25.63,48425,48742
12/27/2012,11:45,25.63,25.71,25.62,25.71,62915,14883
12/27/2012,11:46,25.71,25.79,25.69,25.76,174603,97156
12/27/2012,11:47,25.77,25.78,25.74,25.76,18655,63806
12/27/2012,11:48,25.75,25.82,25.75,25.82,78145,49491
12/27/2012,11:49,25.82,25.85,25.78,25.85,143137,88363
12/27/2012,11:50,25.85,25.86,25.79,25.79,39786,135504
12/27/2012,11:51,25.79,25.86,25.75,25.85,107077,68432
12/27/2012,11:52,25.85,25.88,25.84,25.88,84034,64094
12/27/2012,11:53,25.88,25.91,25.87,25.91,89840,107871
12/27/2012,11:54,25.91,25.92,25.86,25.90,91909,127896
12/27/2012,11:55,25.89,25.91,25.88,25.90,48344,49000
12/27/2012,11:56,25.89,25.91,25.89,25.90,30115,38289
12/27/2012,11:57,25.90,25.94,25.89,25.93,78931,82139
12/27/2012,11:58,25.93,25.96,25.92,25.96,71092,74860
12/27/2012,11:59,25.96,25.98,25.96,25.97,79753,47710
12/27/2012,12:00,25.97,25.98,25.93,25.94,56390,66887
12/27/2012,12:01,25.94,25.99,25.90,25.98,68851,72867
12/27/2012,12:02,25.98,26.00,25.98,26.00,65018,18143
12/27/2012,12:03,25.99,26.00,25.94,25.97,57861,78068
12/27/2012,12:04,25.97,25.97,25.91,25.94,17132,42851
12/27/2012,12:05,25.94,25.98,25.93,25.97,54683,49953
12/27/2012,12:06,25.96,25.97,25.93,25.93,13032,31493
12/27/2012,12:07,25.94,26.00,25.92,25.95,97446,55923
12/27/2012,12:08,25.95,25.99,25.94,25.99,30664,23115
12/27/2012,12:09,25.99,26.09,25.99,26.08,206705,131509
12/27/2012,12:10,26.08,26.09,26.03,26.06,55024,56833
12/27/2012,12:11,26.07,26.09,26.02,26.03,35537,69247
12/27/2012,12:12,26.03,26.06,26.01,26.05,32782,38158
12/27/2012,12:13,26.06,26.09,26.02,26.04,123160,121551
12/27/2012,12:14,26.03,26.04,25.98,25.98,37993,36198
12/27/2012,12:15,25.99,26.00,25.97,25.98,41098,35309
12/27/2012,12:16,25.98,25.99,25.95,25.97,22632,34097
12/27/2012,12:17,25.98,26.00,25.96,25.96,23137,32014
12/27/2012,12:18,25.96,25.99,25.95,25.95,38079,19317
12/27/2012,12:19,25.96,25.99,25.95,25.98,30565,25493
12/27/2012,12:20,25.99,26.00,25.97,26.00,23719,15150
12/27/2012,12:21,26.00,26.04,25.96,25.96,95782,133722
12/27/2012,12:22,25.96,26.05,25.92,26.05,107710,132113
12/27/2012,12:23,26.05,26.06,26.00,26.03,84103,58215
12/27/2012,12:24,26.03,26.07,26.03,26.07,58090,76393
12/27/2012,12:25,26.07,26.08,26.06,26.08,45033,33493
12/27/2012,12:26,26.08,26.12,26.08,26.12,116428,88270
12/27/2012,12:27,26.11,26.15,26.10,26.15,82470,57350
12/27/2012,12:28,26.14,26.15,26.12,26.14,175520,85650
12/27/2012,12:29,26.14,26.17,26.11,26.15,111040,47811
12/27/2012,12:30,26.16,26.17,26.11,26.11,40486,45208
12/27/2012,12:31,26.11,26.16,26.11,26.15,44914,38450
12/27/2012,12:32,26.15,26.15,26.07,26.11,131668,114990
12/27/2012,12:33,26.11,26.12,26.06,26.06,46375,117840
12/27/2012,12:34,26.06,26.08,26.05,26.06,65409,80308
12/27/2012,12:35,26.06,26.08,26.05,26.08,29851,37974
12/27/2012,12:36,26.07,26.14,26.07,26.13,61332,46537
12/27/2012,12:37,26.11,26.11,26.09,26.10,21973,23924
12/27/2012,12:38,26.09,26.10,26.03,26.06,47390,83258
12/27/2012,12:39,26.05,26.10,26.05,26.09,44213,17000
12/27/2012,12:40,26.09,26.11,26.08,26.10,37601,57708
12/27/2012,12:41,26.10,26.14,26.08,26.08,41359,57287
12/27/2012,12:42,26.09,26.14,26.08,26.14,33043,30114
12/27/2012,12:43,26.14,26.15,26.09,26.11,57686,108450
12/27/2012,12:44,26.11,26.11,26.06,26.07,36973,65937
12/27/2012,12:45,26.08,26.15,26.07,26.10,73849,34007
12/27/2012,12:46,26.10,26.14,26.08,26.09,71879,67210
12/27/2012,12:47,26.10,26.11,26.05,26.08,62018,66100
12/27/2012,12:48,26.07,26.09,26.04,26.09,103215,75892
12/27/2012,12:49,26.09,26.11,26.08,26.09,77720,68398
12/27/2012,12:50,26.10,26.10,26.06,26.06,50202,59679
12/27/2012,12:51,26.07,26.09,26.07,26.08,72132,52302
12/27/2012,12:52,26.08,26.11,26.05,26.05,92999,85113
12/27/2012,12:53,26.05,26.07,26.03,26.07,81811,93095
12/27/2012,12:54,26.07,26.07,26.02,26.03,46301,60314
12/27/2012,12:55,26.02,26.07,26.02,26.03,44863,82283
12/27/2012,12:56,26.03,26.07,26.03,26.07,75768,54694
12/27/2012,12:57,26.07,26.07,26.06,26.06,29922,24909
12/27/2012,12:58,26.06,26.07,26.06,26.06,67470,114651
12/27/2012,12:59,26.07,26.07,26.04,26.05,94162,81951
12/27/2012,13:00,26.05,26.06,26.02,26.04,170354,159282
12/28/2012,06:31,25.48,25.49,25.25,25.27,789212,613042
12/28/2012,06:32,25.28,25.29,25.15,25.29,368219,376120
12/28/2012,06:33,25.28,25.38,25.24,25.35,242847,284392
12/28/2012,06:34,25.35,25.48,25.29,25.33,159792,173730
12/28/2012,06:35,25.34,25.50,25.34,25.50,192251,89160
12/28/2012,06:36,25.49,25.50,25.41,25.46,215691,182343
12/28/2012,06:37,25.46,25.47,25.37,25.37,91732,105135
12/28/2012,06:38,25.37,25.40,25.35,25.37,99921,96833
12/28/2012,06:39,25.36,25.38,25.28,25.34,127698,183324
12/28/2012,06:40,25.35,25.40,25.31,25.32,60352,97185
12/28/2012,06:41,25.33,25.33,25.26,25.27,119832,177018
12/28/2012,06:42,25.29,25.40,25.27,25.37,172541,114597
12/28/2012,06:43,25.38,25.39,25.32,25.36,83750,101037
12/28/2012,06:44,25.36,25.47,25.36,25.39,171002,136058
12/28/2012,06:45,25.40,25.40,25.37,25.40,43485,32295
12/28/2012,06:46,25.39,25.40,25.31,25.35,64828,75618
12/28/2012,06:47,25.35,25.36,25.32,25.33,39715,71553
12/28/2012,06:48,25.32,25.33,25.29,25.32,105960,213233
12/28/2012,06:49,25.32,25.33,25.29,25.31,63686,148102
12/28/2012,06:50,25.31,25.37,25.29,25.34,92136,144226
12/28/2012,06:51,25.34,25.39,25.32,25.39,68433,44620
12/28/2012,06:52,25.38,25.39,25.35,25.35,41808,41673
12/28/2012,06:53,25.35,25.39,25.35,25.38,59628,47150
12/28/2012,06:54,25.38,25.40,25.37,25.40,61757,71811
12/28/2012,06:55,25.40,25.40,25.33,25.34,45876,84376
12/28/2012,06:56,25.34,25.35,25.27,25.27,66444,171838
12/28/2012,06:57,25.27,25.29,25.25,25.25,85954,138012
12/28/2012,06:58,25.25,25.31,25.23,25.27,282910,244470
12/28/2012,06:59,25.27,25.33,25.25,25.28,70466,103499
12/28/2012,07:00,25.27,25.32,25.27,25.32,88191,55614
12/28/2012,07:01,25.32,25.32,25.25,25.25,22373,144064
12/28/2012,07:02,25.25,25.26,25.21,25.22,92083,136711
12/28/2012,07:03,25.22,25.35,25.21,25.34,147735,96573
12/28/2012,07:04,25.34,25.35,25.29,25.32,137534,92214
12/28/2012,07:05,25.33,25.39,25.32,25.39,85234,129006
12/28/2012,07:06,25.38,25.43,25.36,25.41,114095,112879
12/28/2012,07:07,25.41,25.42,25.37,25.38,84125,159797
12/28/2012,07:08,25.38,25.47,25.37,25.45,213725,157754
12/28/2012,07:09,25.46,25.47,25.39,25.40,83640,168808
12/28/2012,07:10,25.40,25.44,25.36,25.36,105634,101312
12/28/2012,07:11,25.36,25.40,25.36,25.37,63429,34767
12/28/2012,07:12,25.38,25.38,25.33,25.34,76481,102805
12/28/2012,07:13,25.34,25.35,25.32,25.35,38445,20410
12/28/2012,07:14,25.34,25.37,25.34,25.37,78015,72499
12/28/2012,07:15,25.36,25.41,25.36,25.41,143966,87018
12/28/2012,07:16,25.41,25.41,25.38,25.40,37169,67787
12/28/2012,07:17,25.39,25.46,25.39,25.42,108592,49446
12/28/2012,07:18,25.43,25.49,25.42,25.48,143021,81686
12/28/2012,07:19,25.50,25.56,25.46,25.56,217093,181917
12/28/2012,07:20,25.56,25.64,25.55,25.62,264385,494823
12/28/2012,07:21,25.61,25.64,25.54,25.56,110776,128725
12/28/2012,07:22,25.57,25.60,25.53,25.53,98911,93097
12/28/2012,07:23,25.54,25.57,25.49,25.55,103917,88502
12/28/2012,07:24,25.54,25.60,25.54,25.56,59113,66940
12/28/2012,07:25,25.55,25.60,25.55,25.59,51680,29270
12/28/2012,07:26,25.60,25.64,25.58,25.63,135025,107131
12/28/2012,07:27,25.62,25.63,25.60,25.61,54403,60127
12/28/2012,07:28,25.62,25.69,25.61,25.67,113684,76380
12/28/2012,07:29,25.67,25.68,25.60,25.61,67529,75825
12/28/2012,07:30,25.62,25.69,25.61,25.67,120718,110606
12/28/2012,07:31,25.68,25.70,25.67,25.70,57379,40870
12/28/2012,07:32,25.69,25.79,25.67,25.67,307052,161651
12/28/2012,07:33,25.67,25.76,25.67,25.72,151471,86643
12/28/2012,07:34,25.71,25.74,25.67,25.69,69118,56730
12/28/2012,07:35,25.68,25.69,25.60,25.62,82296,89833
12/28/2012,07:36,25.62,25.66,25.62,25.65,52337,26046
12/28/2012,07:37,25.65,25.68,25.63,25.65,43663,48518
12/28/2012,07:38,25.66,25.66,25.60,25.61,25433,69426
12/28/2012,07:39,25.61,25.62,25.60,25.60,17325,46907
12/28/2012,07:40,25.60,25.61,25.57,25.59,68393,56654
12/28/2012,07:41,25.59,25.67,25.58,25.67,97360,35912
12/28/2012,07:42,25.67,25.70,25.66,25.68,43258,55593
12/28/2012,07:43,25.67,25.69,25.63,25.69,51007,40852
12/28/2012,07:44,25.70,25.70,25.63,25.63,57456,77435
12/28/2012,07:45,25.64,25.65,25.59,25.60,116278,105305
12/28/2012,07:46,25.61,25.65,25.59,25.64,74635,68750
12/28/2012,07:47,25.64,25.66,25.59,25.61,110814,106811
12/28/2012,07:48,25.60,25.61,25.56,25.57,93839,129480
12/28/2012,07:49,25.57,25.60,25.56,25.59,46092,43620
12/28/2012,07:50,25.58,25.59,25.50,25.51,91945,115670
12/28/2012,07:51,25.50,25.50,25.44,25.47,189216,222824
12/28/2012,07:52,25.47,25.47,25.44,25.46,71487,96022
12/28/2012,07:53,25.47,25.49,25.46,25.47,127005,70022
12/28/2012,07:54,25.47,25.49,25.45,25.46,60213,57532
12/28/2012,07:55,25.46,25.50,25.45,25.49,73042,43970
12/28/2012,07:56,25.49,25.51,25.47,25.51,68382,43850
12/28/2012,07:57,25.51,25.54,25.49,25.52,54717,64056
12/28/2012,07:58,25.52,25.55,25.51,25.55,27078,29839
12/28/2012,07:59,25.54,25.57,25.51,25.52,33955,54230
12/28/2012,08:00,25.52,25.53,25.46,25.47,21554,35271
12/28/2012,08:01,25.48,25.51,25.48,25.51,46471,25399
12/28/2012,08:02,25.51,25.53,25.49,25.49,25634,21000
12/28/2012,08:03,25.50,25.51,25.49,25.51,52214,26942
12/28/2012,08:04,25.51,25.51,25.49,25.51,31406,55205
12/28/2012,08:05,25.50,25.51,25.46,25.50,36583,66631
12/28/2012,08:06,25.50,25.51,25.47,25.47,36433,77740
12/28/2012,08:07,25.47,25.50,25.46,25.47,25216,56316
12/28/2012,08:08,25.47,25.48,25.45,25.48,35619,47339
12/28/2012,08:09,25.48,25.49,25.46,25.48,18800,41686
12/28/2012,08:10,25.48,25.48,25.46,25.46,21755,18118
12/28/2012,08:11,25.46,25.47,25.41,25.42,60748,64818
12/28/2012,08:12,25.43,25.45,25.36,25.36,271886,202859
12/28/2012,08:13,25.37,25.43,25.36,25.37,73823,80527
12/28/2012,08:14,25.38,25.39,25.34,25.37,90136,72333
12/28/2012,08:15,25.37,25.39,25.34,25.36,69797,52541
12/28/2012,08:16,25.37,25.41,25.36,25.37,38005,54463
12/28/2012,08:17,25.37,25.38,25.35,25.37,87095,48413
12/28/2012,08:18,25.38,25.43,25.35,25.41,81457,120707
12/28/2012,08:19,25.41,25.44,25.40,25.42,76834,38760
12/28/2012,08:20,25.44,25.46,25.40,25.42,80656,77204
12/28/2012,08:21,25.42,25.43,25.40,25.42,29934,33042
12/28/2012,08:22,25.42,25.42,25.37,25.38,14293,52973
12/28/2012,08:23,25.37,25.38,25.35,25.35,14646,70453
12/28/2012,08:24,25.35,25.41,25.34,25.40,115523,62196
12/28/2012,08:25,25.40,25.40,25.38,25.39,19308,16605
12/28/2012,08:26,25.38,25.40,25.38,25.40,24918,8200
12/28/2012,08:27,25.40,25.42,25.38,25.41,48429,43700
12/28/2012,08:28,25.40,25.43,25.40,25.42,39932,8754
12/28/2012,08:29,25.42,25.46,25.42,25.46,39119,25622
12/28/2012,08:30,25.46,25.47,25.44,25.45,54354,107749
12/28/2012,08:31,25.45,25.46,25.40,25.40,50700,45355
12/28/2012,08:32,25.40,25.42,25.40,25.40,46334,25683
12/28/2012,08:33,25.40,25.41,25.39,25.41,56596,27247
12/28/2012,08:34,25.40,25.42,25.40,25.41,44171,53685
12/28/2012,08:35,25.42,25.44,25.42,25.44,38772,22335
12/28/2012,08:36,25.43,25.44,25.42,25.43,11305,11965
12/28/2012,08:37,25.44,25.46,25.43,25.46,48623,20533
12/28/2012,08:38,25.45,25.50,25.44,25.49,67888,83105
12/28/2012,08:39,25.48,25.48,25.44,25.46,9300,34540
12/28/2012,08:40,25.45,25.45,25.44,25.45,8900,4055
12/28/2012,08:41,25.45,25.45,25.43,25.44,27616,20564
12/28/2012,08:42,25.45,25.48,25.44,25.45,22294,14688
12/28/2012,08:43,25.46,25.46,25.43,25.44,16843,16768
12/28/2012,08:44,25.44,25.44,25.41,25.41,13035,24135
12/28/2012,08:45,25.41,25.43,25.40,25.42,28003,49304
12/28/2012,08:46,25.41,25.43,25.41,25.43,6754,4950
12/28/2012,08:47,25.43,25.43,25.42,25.42,5315,26680
12/28/2012,08:48,25.42,25.42,25.39,25.40,20440,58095
12/28/2012,08:49,25.40,25.40,25.38,25.38,10020,17720
12/28/2012,08:50,25.39,25.39,25.37,25.37,6501,14700
12/28/2012,08:51,25.38,25.42,25.37,25.37,20550,14701
12/28/2012,08:52,25.38,25.38,25.36,25.36,5560,31870
12/28/2012,08:53,25.36,25.37,25.35,25.36,28610,37262
12/28/2012,08:54,25.36,25.36,25.34,25.36,24887,34169
12/28/2012,08:55,25.36,25.41,25.36,25.39,55278,30640
12/28/2012,08:56,25.38,25.39,25.35,25.36,22262,29424
12/28/2012,08:57,25.36,25.38,25.36,25.37,12273,16977
12/28/2012,08:58,25.36,25.37,25.36,25.37,17745,2700
12/28/2012,08:59,25.38,25.39,25.37,25.39,9453,2770
12/28/2012,09:00,25.38,25.40,25.38,25.40,12686,6084
12/28/2012,09:01,25.40,25.40,25.38,25.40,4114,6107
12/28/2012,09:02,25.40,25.43,25.39,25.42,59840,14264
12/28/2012,09:03,25.43,25.45,25.42,25.45,91460,36972
12/28/2012,09:04,25.44,25.45,25.44,25.45,14625,17700
12/28/2012,09:05,25.44,25.47,25.44,25.47,57011,23218
12/28/2012,09:06,25.47,25.50,25.45,25.45,55206,66396
12/28/2012,09:07,25.45,25.46,25.44,25.46,50842,27700
12/28/2012,09:08,25.45,25.48,25.44,25.48,46865,38655
12/28/2012,09:09,25.47,25.48,25.46,25.47,17697,29603
12/28/2012,09:10,25.48,25.54,25.47,25.51,84913,85184
12/28/2012,09:11,25.52,25.52,25.47,25.50,30012,38638
12/28/2012,09:12,25.50,25.50,25.46,25.47,33853,42362
12/28/2012,09:13,25.48,25.50,25.45,25.50,43176,23907
12/28/2012,09:14,25.50,25.51,25.49,25.51,20780,17050
12/28/2012,09:15,25.52,25.55,25.51,25.55,63470,84803
12/28/2012,09:16,25.55,25.60,25.53,25.59,113027,277643
12/28/2012,09:17,25.60,25.64,25.59,25.60,128352,81128
12/28/2012,09:18,25.61,25.73,25.61,25.72,217921,74694
12/28/2012,09:19,25.73,25.77,25.71,25.75,131000,159783
12/28/2012,09:20,25.75,25.79,25.69,25.77,195301,201832
12/28/2012,09:21,25.76,25.79,25.74,25.77,58249,70843
12/28/2012,09:22,25.76,25.83,25.75,25.83,109927,79972
12/28/2012,09:23,25.83,25.84,25.74,25.75,72161,73914
12/28/2012,09:24,25.75,25.79,25.72,25.75,61179,78402
12/28/2012,09:25,25.74,25.77,25.72,25.75,58222,105877
12/28/2012,09:26,25.75,25.75,25.67,25.73,55545,107894
12/28/2012,09:27,25.68,25.69,25.67,25.68,7590,11044
12/28/2012,09:28,25.68,25.68,25.61,25.63,37267,92824
12/28/2012,09:29,25.63,25.66,25.61,25.65,51294,59256
12/28/2012,09:30,25.65,25.65,25.62,25.64,22457,29613
12/28/2012,09:31,25.64,25.66,25.62,25.62,31527,34518
12/28/2012,09:32,25.63,25.66,25.62,25.64,48944,44403
12/28/2012,09:33,25.63,25.65,25.60,25.62,67474,53509
12/28/2012,09:34,25.61,25.62,25.60,25.62,47095,33403
12/28/2012,09:35,25.62,25.66,25.61,25.66,59525,21529
12/28/2012,09:36,25.66,25.72,25.65,25.72,130841,39942
12/28/2012,09:37,25.71,25.72,25.64,25.68,44378,75200
12/28/2012,09:38,25.68,25.69,25.66,25.67,54676,26800
12/28/2012,09:39,25.66,25.69,25.66,25.67,27609,20390
12/28/2012,09:40,25.67,25.69,25.65,25.69,28752,18246
12/28/2012,09:41,25.69,25.69,25.66,25.67,15674,19871
12/28/2012,09:42,25.67,25.73,25.67,25.73,68523,44185
12/28/2012,09:43,25.73,25.81,25.72,25.79,113307,116309
12/28/2012,09:44,25.79,25.82,25.77,25.78,123543,102644
12/28/2012,09:45,25.78,25.78,25.73,25.73,62039,53643
12/28/2012,09:46,25.74,25.78,25.73,25.75,22769,75773
12/28/2012,09:47,25.74,25.75,25.72,25.73,15244,45119
12/28/2012,09:48,25.73,25.75,25.72,25.72,56835,41311
12/28/2012,09:49,25.73,25.74,25.72,25.73,21118,29740
12/28/2012,09:50,25.73,25.87,25.72,25.86,334063,240462
12/28/2012,09:51,25.86,25.95,25.86,25.94,301842,179255
12/28/2012,09:52,25.95,26.04,25.94,25.99,361119,242430
12/28/2012,09:53,25.99,25.99,25.92,25.96,113604,173691
12/28/2012,09:54,25.95,25.99,25.93,25.98,131633,83608
12/28/2012,09:55,25.97,25.98,25.94,25.94,52930,115366
12/28/2012,09:56,25.94,25.94,25.90,25.94,57095,50568
12/28/2012,09:57,25.94,25.95,25.88,25.89,71605,106944
12/28/2012,09:58,25.90,25.92,25.88,25.90,50550,55667
12/28/2012,09:59,25.89,25.90,25.88,25.90,22515,25657
12/28/2012,10:00,25.90,25.90,25.89,25.90,15283,21275
12/28/2012,10:01,25.89,25.95,25.89,25.92,65476,87463
12/28/2012,10:02,25.91,25.92,25.91,25.92,32823,22550
12/28/2012,10:03,25.92,25.94,25.91,25.94,42398,18457
12/28/2012,10:04,25.94,25.96,25.93,25.95,52770,14872
12/28/2012,10:05,25.96,25.97,25.93,25.95,41349,45891
12/28/2012,10:06,25.96,25.96,25.92,25.92,14755,51269
12/28/2012,10:07,25.92,25.93,25.92,25.92,16315,19052
12/28/2012,10:08,25.92,25.97,25.92,25.95,37709,619305
12/28/2012,10:09,25.95,25.96,25.91,25.92,19815,62282
12/28/2012,10:10,25.93,25.94,25.92,25.94,18600,15400
12/28/2012,10:11,25.94,25.94,25.93,25.94,34107,13600
12/28/2012,10:12,25.94,25.94,25.93,25.94,23980,9566
12/28/2012,10:13,25.93,25.96,25.91,25.94,40060,54569
12/28/2012,10:14,25.94,26.00,25.93,25.99,192060,215889
12/28/2012,10:15,25.99,26.00,25.92,25.93,102627,98343
12/28/2012,10:16,25.93,25.95,25.92,25.94,32867,34769
12/28/2012,10:17,25.93,25.95,25.93,25.94,48216,27298
12/28/2012,10:18,25.95,25.97,25.94,25.95,22427,15800
12/28/2012,10:19,25.96,25.97,25.94,25.95,35594,40678
12/28/2012,10:20,25.95,25.95,25.93,25.95,53425,25724
12/28/2012,10:21,25.95,25.95,25.94,25.94,17555,16426
12/28/2012,10:22,25.94,25.95,25.87,25.90,69612,145138
12/28/2012,10:23,25.90,25.90,25.86,25.90,35533,39176
12/28/2012,10:24,25.89,25.89,25.82,25.83,75230,109911
12/28/2012,10:25,25.83,25.85,25.82,25.83,42819,48594
12/28/2012,10:26,25.83,25.90,25.83,25.88,45420,52082
12/28/2012,10:27,25.88,25.88,25.84,25.84,2400,25716
12/28/2012,10:28,25.84,25.89,25.83,25.85,16607,18880
12/28/2012,10:29,25.84,25.85,25.80,25.81,51829,77846
12/28/2012,10:30,25.82,25.82,25.79,25.81,73138,32388
12/28/2012,10:31,25.82,25.84,25.78,25.81,84804,37903
12/28/2012,10:32,25.79,25.81,25.76,25.76,26687,45983
12/28/2012,10:33,25.76,25.80,25.73,25.76,54311,67713
12/28/2012,10:34,25.76,25.78,25.75,25.77,42785,24646
12/28/2012,10:35,25.77,25.79,25.77,25.78,46376,22442
12/28/2012,10:36,25.79,25.81,25.77,25.78,55454,49991
12/28/2012,10:37,25.78,25.79,25.75,25.78,18634,19622
12/28/2012,10:38,25.79,25.80,25.78,25.80,32027,16750
12/28/2012,10:39,25.79,25.80,25.78,25.80,35490,28373
12/28/2012,10:40,25.80,25.81,25.79,25.80,44918,21938
12/28/2012,10:41,25.80,25.81,25.79,25.80,22865,21831
12/28/2012,10:42,25.78,25.83,25.78,25.82,87166,43112
12/28/2012,10:43,25.81,25.82,25.79,25.79,49024,53179
12/28/2012,10:44,25.81,25.81,25.79,25.80,35425,56024
12/28/2012,10:45,25.81,25.82,25.80,25.81,15218,41238
12/28/2012,10:46,25.81,25.81,25.79,25.80,7300,16400
12/28/2012,10:47,25.79,25.81,25.79,25.79,10700,33503
12/28/2012,10:48,25.79,25.80,25.75,25.76,16363,112345
12/28/2012,10:49,25.75,25.78,25.74,25.76,17773,27563
12/28/2012,10:50,25.76,25.78,25.76,25.78,11171,9950
12/28/2012,10:51,25.78,25.78,25.76,25.77,7600,23360
12/28/2012,10:52,25.76,25.77,25.73,25.74,49037,136655
12/28/2012,10:53,25.75,25.77,25.74,25.74,24160,37721
12/28/2012,10:54,25.75,25.76,25.74,25.75,29606,21199
12/28/2012,10:55,25.74,25.75,25.72,25.72,16800,37590
12/28/2012,10:56,25.72,25.76,25.71,25.75,64468,37425
12/28/2012,10:57,25.76,25.76,25.73,25.73,15257,42186
12/28/2012,10:58,25.73,25.74,25.70,25.72,37148,44615
12/28/2012,10:59,25.71,25.72,25.69,25.70,73677,67967
12/28/2012,11:00,25.71,25.72,25.70,25.72,28437,16743
12/28/2012,11:01,25.72,25.72,25.71,25.72,30880,16778
12/28/2012,11:02,25.72,25.72,25.71,25.72,18350,9082
12/28/2012,11:03,25.72,25.80,25.71,25.80,115846,53547
12/28/2012,11:04,25.80,25.82,25.80,25.81,48478,42285
12/28/2012,11:05,25.82,25.83,25.79,25.83,92811,60814
12/28/2012,11:06,25.84,25.84,25.81,25.81,37543,52182
12/28/2012,11:07,25.81,25.82,25.80,25.80,7280,21744
12/28/2012,11:08,25.80,25.82,25.80,25.81,34599,14369
12/28/2012,11:09,25.81,25.85,25.80,25.80,75751,70949
12/28/2012,11:10,25.80,25.81,25.80,25.81,35603,15605
12/28/2012,11:11,25.81,25.83,25.80,25.83,49305,17979
12/28/2012,11:12,25.83,25.86,25.82,25.85,51213,20955
12/28/2012,11:13,25.85,25.90,25.84,25.89,158126,44016
12/28/2012,11:14,25.90,25.90,25.89,25.89,34532,52450
12/28/2012,11:15,25.89,25.90,25.88,25.89,30075,70509
12/28/2012,11:16,25.89,25.89,25.87,25.89,15845,29357
12/28/2012,11:17,25.89,25.89,25.85,25.85,77120,62666
12/28/2012,11:18,25.85,25.87,25.84,25.85,29336,57434
12/28/2012,11:19,25.85,25.88,25.84,25.87,42562,28211
12/28/2012,11:20,25.87,25.90,25.86,25.89,49925,25363
12/28/2012,11:21,25.89,25.90,25.88,25.90,26400,20048
12/28/2012,11:22,25.90,25.93,25.89,25.92,118607,99245
12/28/2012,11:23,25.93,25.94,25.92,25.93,23037,13049
12/28/2012,11:24,25.93,25.94,25.91,25.94,57218,41299
12/28/2012,11:25,25.93,25.94,25.93,25.93,15266,34490
12/28/2012,11:26,25.93,25.93,25.90,25.92,36315,98299
12/28/2012,11:27,25.91,25.92,25.91,25.92,22165,64470
12/28/2012,11:28,25.91,25.92,25.91,25.92,14485,19523
12/28/2012,11:29,25.92,25.97,25.92,25.97,202451,62365
12/28/2012,11:30,25.96,25.98,25.94,25.98,73121,59376
12/28/2012,11:31,25.98,25.99,25.97,25.99,70594,69363
12/28/2012,11:32,25.98,25.99,25.94,25.95,53713,88982
12/28/2012,11:33,25.95,25.97,25.94,25.95,10320,42245
12/28/2012,11:34,25.95,25.96,25.94,25.94,31332,42836
12/28/2012,11:35,25.94,25.96,25.94,25.95,49325,49392
12/28/2012,11:36,25.96,25.96,25.94,25.95,17969,55694
12/28/2012,11:37,25.96,25.96,25.91,25.93,33599,67935
12/28/2012,11:38,25.92,25.94,25.88,25.92,70829,98859
12/28/2012,11:39,25.92,25.92,25.89,25.90,35689,37373
12/28/2012,11:40,25.89,25.93,25.82,25.85,43799,70273
12/28/2012,11:41,25.84,25.87,25.84,25.86,64325,34643
12/28/2012,11:42,25.87,25.89,25.87,25.88,32144,31983
12/28/2012,11:43,25.88,25.90,25.88,25.90,43779,16640
12/28/2012,11:44,25.90,25.96,25.89,25.96,105029,36014
12/28/2012,11:45,25.97,25.98,25.96,25.97,53402,53011
12/28/2012,11:46,25.96,25.97,25.93,25.94,40000,57672
12/28/2012,11:47,25.94,25.95,25.92,25.92,12990,21875
12/28/2012,11:48,25.92,25.94,25.91,25.94,53189,40749
12/28/2012,11:49,25.94,25.94,25.90,25.90,14824,51969
12/28/2012,11:50,25.90,25.91,25.86,25.86,41746,63647
12/28/2012,11:51,25.87,25.92,25.86,25.92,60842,9770
12/28/2012,11:52,25.92,25.93,25.91,25.93,19048,8370
12/28/2012,11:53,25.92,25.93,25.88,25.89,17166,60625
12/28/2012,11:54,25.88,25.92,25.88,25.91,32751,8334
12/28/2012,11:55,25.91,25.91,25.84,25.84,15475,76812
12/28/2012,11:56,25.84,25.87,25.80,25.86,38346,69516
12/28/2012,11:57,25.82,25.85,25.82,25.85,50764,13975
12/28/2012,11:58,25.85,25.86,25.85,25.85,31019,13415
12/28/2012,11:59,25.86,25.86,25.82,25.84,47429,48910
12/28/2012,12:00,25.85,25.91,25.85,25.90,48787,10394
12/28/2012,12:01,25.90,25.91,25.87,25.89,10284,24220
12/28/2012,12:02,25.89,25.91,25.88,25.90,20404,19525
12/28/2012,12:03,25.89,25.93,25.89,25.92,30095,8510
12/28/2012,12:04,25.92,25.94,25.91,25.94,30241,20800
12/28/2012,12:05,25.94,25.95,25.93,25.93,17040,32995
12/28/2012,12:06,25.94,25.94,25.93,25.94,7139,18649
12/28/2012,12:07,25.93,25.95,25.93,25.95,15077,12600
12/28/2012,12:08,25.95,25.97,25.94,25.97,49802,30375
12/28/2012,12:09,25.96,25.98,25.95,25.98,52848,62240
12/28/2012,12:10,25.97,25.97,25.95,25.97,35620,38101
12/28/2012,12:11,25.97,25.97,25.92,25.92,15048,55757
12/28/2012,12:12,25.93,25.96,25.91,25.93,45526,35955
12/28/2012,12:13,25.93,25.95,25.93,25.94,17905,21677
12/28/2012,12:14,25.93,25.94,25.93,25.94,8254,8100
12/28/2012,12:15,25.93,25.98,25.93,25.98,61880,33549
12/28/2012,12:16,25.97,26.00,25.96,25.99,228219,164519
12/28/2012,12:17,25.99,26.00,25.97,25.98,52491,56968
12/28/2012,12:18,25.98,26.00,25.95,25.99,65608,67240
12/28/2012,12:19,25.99,26.00,25.97,26.00,108105,32604
12/28/2012,12:20,26.00,26.04,25.99,26.03,125313,35786
12/28/2012,12:21,26.03,26.03,26.00,26.01,20261,35240
12/28/2012,12:22,26.00,26.01,25.95,25.97,26850,83537
12/28/2012,12:23,25.97,25.97,25.93,25.94,36841,45244
12/28/2012,12:24,25.93,26.03,25.93,26.03,141913,86023
12/28/2012,12:25,26.02,26.10,26.02,26.10,220034,151461
12/28/2012,12:26,26.10,26.11,26.06,26.06,105545,122498
12/28/2012,12:27,26.06,26.08,26.04,26.07,65649,59244
12/28/2012,12:28,26.07,26.07,26.00,26.01,47782,107642
12/28/2012,12:29,26.01,26.02,25.98,26.02,98789,121532
12/28/2012,12:30,26.02,26.02,25.99,26.00,126867,52629
12/28/2012,12:31,25.99,26.04,25.99,26.02,42359,29179
12/28/2012,12:32,26.02,26.07,26.01,26.06,89054,32643
12/28/2012,12:33,26.07,26.07,26.03,26.06,52517,77897
12/28/2012,12:34,26.06,26.07,26.03,26.07,78570,65545
12/28/2012,12:35,26.07,26.08,26.00,26.00,43607,145417
12/28/2012,12:36,26.01,26.05,26.00,26.03,74737,89241
12/28/2012,12:37,26.02,26.04,26.01,26.04,30793,60051
12/28/2012,12:38,26.04,26.05,25.95,25.95,71510,105772
12/28/2012,12:39,25.95,25.99,25.90,25.92,185722,214755
12/28/2012,12:40,25.92,25.92,25.82,25.83,249673,285780
12/28/2012,12:41,25.83,25.88,25.82,25.87,166214,182466
12/28/2012,12:42,25.87,25.92,25.86,25.91,152567,178922
12/28/2012,12:43,25.92,25.98,25.90,25.98,102174,85827
12/28/2012,12:44,25.97,25.98,25.94,25.94,102780,133365
12/28/2012,12:45,25.94,26.00,25.94,26.00,110745,38114
12/28/2012,12:46,26.00,26.00,25.94,25.95,102845,242278
12/28/2012,12:47,25.95,25.98,25.95,25.95,35270,62175
12/28/2012,12:48,25.95,25.97,25.94,25.96,98191,109614
12/28/2012,12:49,25.97,25.97,25.91,25.95,98070,160855
12/28/2012,12:50,25.94,25.97,25.93,25.95,94422,55041
12/28/2012,12:51,25.96,25.97,25.92,25.93,133038,129342
12/28/2012,12:52,25.93,25.96,25.92,25.94,120552,119972
12/28/2012,12:53,25.95,25.96,25.92,25.93,74796,98609
12/28/2012,12:54,25.93,25.93,25.90,25.92,43315,82502
12/28/2012,12:55,25.92,25.92,25.88,25.90,125192,183094
12/28/2012,12:56,25.90,25.92,25.89,25.91,117213,99973
12/28/2012,12:57,25.92,25.96,25.91,25.92,151298,172366
12/28/2012,12:58,25.92,25.94,25.91,25.94,138968,60020
12/28/2012,12:59,25.94,25.96,25.92,25.95,208093,105763
12/28/2012,13:00,25.96,25.96,25.90,25.90,228782,398284
12/31/2012,06:31,26.19,26.25,26.11,26.17,273442,819841
12/31/2012,06:32,26.17,26.29,26.14,26.28,357254,269866
12/31/2012,06:33,26.27,26.41,26.27,26.39,444254,394426
12/31/2012,06:34,26.39,26.42,26.33,26.34,291203,375476
12/31/2012,06:35,26.35,26.41,26.33,26.34,152426,146262
12/31/2012,06:36,26.35,26.42,26.34,26.40,170149,196555
12/31/2012,06:37,26.39,26.42,26.36,26.41,155141,120039
12/31/2012,06:38,26.42,26.49,26.41,26.47,326020,277492
12/31/2012,06:39,26.47,26.54,26.47,26.53,416327,292498
12/31/2012,06:40,26.54,26.56,26.50,26.51,201659,188625
12/31/2012,06:41,26.50,26.50,26.37,26.47,517202,525997
12/31/2012,06:42,26.46,26.46,26.39,26.40,126349,117414
12/31/2012,06:43,26.40,26.47,26.39,26.40,174584,135763
12/31/2012,06:44,26.40,26.41,26.35,26.40,144279,152764
12/31/2012,06:45,26.40,26.45,26.39,26.45,94143,88240
12/31/2012,06:46,26.44,26.45,26.39,26.39,87802,164632
12/31/2012,06:47,26.39,26.42,26.33,26.37,188924,133764
12/31/2012,06:48,26.37,26.37,26.28,26.28,187358,180355
12/31/2012,06:49,26.28,26.35,26.25,26.34,216992,179275
12/31/2012,06:50,26.34,26.38,26.31,26.37,126285,114181
12/31/2012,06:51,26.38,26.40,26.35,26.40,96172,95523
12/31/2012,06:52,26.39,26.40,26.34,26.37,78553,186201
12/31/2012,06:53,26.36,26.39,26.29,26.37,89669,109670
12/31/2012,06:54,26.38,26.44,26.38,26.41,124048,97565
12/31/2012,06:55,26.41,26.49,26.41,26.43,92511,65510
12/31/2012,06:56,26.44,26.49,26.43,26.46,65633,90091
12/31/2012,06:57,26.47,26.51,26.46,26.47,171791,79745
12/31/2012,06:58,26.47,26.48,26.43,26.48,64586,60306
12/31/2012,06:59,26.47,26.57,26.46,26.51,176638,166747
12/31/2012,07:00,26.50,26.51,26.48,26.50,149534,75587
12/31/2012,07:01,26.50,26.55,26.50,26.53,153429,66433
12/31/2012,07:02,26.52,26.53,26.45,26.49,74766,54657
12/31/2012,07:03,26.50,26.50,26.39,26.39,74580,116867
12/31/2012,07:04,26.39,26.47,26.38,26.44,97674,121847
12/31/2012,07:05,26.44,26.47,26.42,26.47,34479,81994
12/31/2012,07:06,26.46,26.47,26.40,26.42,62938,86698
12/31/2012,07:07,26.42,26.48,26.42,26.46,107418,70045
12/31/2012,07:08,26.45,26.45,26.38,26.40,56976,128373
12/31/2012,07:09,26.40,26.40,26.33,26.36,108003,107093
12/31/2012,07:10,26.37,26.39,26.33,26.38,56547,51450
12/31/2012,07:11,26.38,26.43,26.38,26.38,80109,56322
12/31/2012,07:12,26.38,26.41,26.37,26.40,41135,78431
12/31/2012,07:13,26.39,26.40,26.36,26.38,46406,40009
12/31/2012,07:14,26.37,26.38,26.33,26.35,28385,27114
12/31/2012,07:15,26.35,26.35,26.26,26.27,111046,219989
12/31/2012,07:16,26.27,26.32,26.26,26.31,161802,98454
12/31/2012,07:17,26.30,26.36,26.29,26.34,83015,47022
12/31/2012,07:18,26.34,26.34,26.30,26.33,36737,32710
12/31/2012,07:19,26.33,26.39,26.33,26.39,64492,44691
12/31/2012,07:20,26.38,26.39,26.33,26.38,35784,51706
12/31/2012,07:21,26.37,26.43,26.36,26.40,92344,70745
12/31/2012,07:22,26.40,26.42,26.38,26.41,27273,49740
12/31/2012,07:23,26.40,26.41,26.40,26.41,29247,48336
12/31/2012,07:24,26.41,26.45,26.40,26.45,54476,40199
12/31/2012,07:25,26.45,26.46,26.40,26.42,57524,60496
12/31/2012,07:26,26.42,26.45,26.41,26.42,85988,72075
12/31/2012,07:27,26.42,26.48,26.42,26.46,76364,106510
12/31/2012,07:28,26.45,26.48,26.44,26.48,116008,39417
12/31/2012,07:29,26.47,26.52,26.47,26.50,147394,129265
12/31/2012,07:30,26.49,26.50,26.43,26.47,83495,86849
12/31/2012,07:31,26.48,26.49,26.45,26.46,38306,57237
12/31/2012,07:32,26.45,26.47,26.45,26.45,22072,20764
12/31/2012,07:33,26.45,26.46,26.43,26.43,23095,49609
12/31/2012,07:34,26.43,26.46,26.42,26.45,33815,36461
12/31/2012,07:35,26.44,26.46,26.43,26.44,59240,78470
12/31/2012,07:36,26.45,26.45,26.38,26.38,54743,110120
12/31/2012,07:37,26.39,26.42,26.38,26.41,89755,19782
12/31/2012,07:38,26.42,26.45,26.41,26.44,46501,45306
12/31/2012,07:39,26.44,26.45,26.41,26.41,35525,40267
12/31/2012,07:40,26.41,26.45,26.41,26.45,69237,15595
12/31/2012,07:41,26.45,26.48,26.44,26.48,40157,23435
12/31/2012,07:42,26.48,26.50,26.47,26.48,54442,40322
12/31/2012,07:43,26.48,26.48,26.47,26.47,24982,11527
12/31/2012,07:44,26.48,26.49,26.47,26.47,29665,32791
12/31/2012,07:45,26.47,26.47,26.41,26.44,69876,98579
12/31/2012,07:46,26.44,26.44,26.40,26.42,59054,44610
12/31/2012,07:47,26.42,26.43,26.39,26.43,60278,41851
12/31/2012,07:48,26.42,26.45,26.42,26.43,34806,29591
12/31/2012,07:49,26.42,26.44,26.40,26.43,58740,83227
12/31/2012,07:50,26.43,26.45,26.41,26.41,132075,25650
12/31/2012,07:51,26.41,26.44,26.41,26.41,33581,23883
12/31/2012,07:52,26.41,26.42,26.40,26.41,9548,25986
12/31/2012,07:53,26.41,26.47,26.41,26.46,74377,13521
12/31/2012,07:54,26.46,26.46,26.41,26.41,17726,68520
12/31/2012,07:55,26.41,26.46,26.39,26.45,61320,87625
12/31/2012,07:56,26.46,26.46,26.41,26.42,19834,44364
12/31/2012,07:57,26.43,26.44,26.41,26.42,37385,18321
12/31/2012,07:58,26.41,26.42,26.41,26.42,25115,15967
12/31/2012,07:59,26.43,26.44,26.40,26.41,37757,21678
12/31/2012,08:00,26.41,26.44,26.41,26.43,17493,19040
12/31/2012,08:01,26.43,26.43,26.42,26.43,16856,13004
12/31/2012,08:02,26.42,26.44,26.41,26.44,26757,26622
12/31/2012,08:03,26.44,26.45,26.40,26.42,28491,79627
12/31/2012,08:04,26.42,26.42,26.39,26.40,80159,48940
12/31/2012,08:05,26.41,26.43,26.40,26.42,22808,20895
12/31/2012,08:06,26.41,26.41,26.35,26.35,31875,92825
12/31/2012,08:07,26.35,26.38,26.35,26.38,40488,29089
12/31/2012,08:08,26.37,26.39,26.36,26.38,55641,40161
12/31/2012,08:09,26.38,26.39,26.36,26.38,21786,16159
12/31/2012,08:10,26.38,26.44,26.38,26.43,57930,50771
12/31/2012,08:11,26.44,26.45,26.42,26.44,48171,36756
12/31/2012,08:12,26.43,26.44,26.42,26.44,31015,22611
12/31/2012,08:13,26.44,26.44,26.43,26.44,11713,24879
12/31/2012,08:14,26.44,26.46,26.40,26.46,78224,60294
12/31/2012,08:15,26.46,26.47,26.42,26.42,30155,73833
12/31/2012,08:16,26.43,26.44,26.42,26.42,17050,9498
12/31/2012,08:17,26.42,26.45,26.42,26.44,34620,12450
12/31/2012,08:18,26.44,26.44,26.41,26.42,29371,42073
12/31/2012,08:19,26.43,26.44,26.42,26.44,34529,30629
12/31/2012,08:20,26.44,26.44,26.42,26.43,10172,12675
12/31/2012,08:21,26.44,26.45,26.43,26.44,12885,21515
12/31/2012,08:22,26.43,26.44,26.43,26.43,6550,14968
12/31/2012,08:23,26.43,26.43,26.37,26.40,28829,590229
12/31/2012,08:24,26.40,26.44,26.40,26.40,15400,25072
12/31/2012,08:25,26.40,26.42,26.40,26.42,24261,9122
12/31/2012,08:26,26.42,26.42,26.40,26.41,8450,10347
12/31/2012,08:27,26.41,26.41,26.40,26.40,9766,11035
12/31/2012,08:28,26.40,26.41,26.39,26.40,19074,32635
12/31/2012,08:29,26.40,26.42,26.39,26.42,30305,50225
12/31/2012,08:30,26.42,26.42,26.41,26.41,30632,12302
12/31/2012,08:31,26.42,26.44,26.42,26.42,33387,12175
12/31/2012,08:32,26.42,26.43,26.42,26.43,8185,9165
12/31/2012,08:33,26.44,26.46,26.42,26.43,9701,27837
12/31/2012,08:34,26.43,26.43,26.41,26.42,23639,34394
12/31/2012,08:35,26.43,26.44,26.41,26.43,16047,30331
12/31/2012,08:36,26.42,26.43,26.40,26.40,3052,27586
12/31/2012,08:37,26.39,26.44,26.38,26.41,32738,32135
12/31/2012,08:38,26.40,26.42,26.39,26.40,7322,14214
12/31/2012,08:39,26.39,26.41,26.39,26.39,10471,6600
12/31/2012,08:40,26.39,26.41,26.38,26.39,28109,29461
12/31/2012,08:41,26.38,26.39,26.38,26.38,9051,8950
12/31/2012,08:42,26.38,26.40,26.38,26.39,44525,20500
12/31/2012,08:43,26.39,26.43,26.38,26.42,58796,8289
12/31/2012,08:44,26.43,26.43,26.39,26.39,15811,26487
12/31/2012,08:45,26.40,26.40,26.39,26.40,12319,3022
12/31/2012,08:46,26.40,26.43,26.39,26.41,53662,20786
12/31/2012,08:47,26.41,26.42,26.40,26.41,32219,38225
12/31/2012,08:48,26.40,26.41,26.39,26.40,92988,27954
12/31/2012,08:49,26.40,26.40,26.38,26.38,40500,29044
12/31/2012,08:50,26.39,26.39,26.38,26.39,12853,15257
12/31/2012,08:51,26.38,26.39,26.32,26.34,72589,135963
12/31/2012,08:52,26.34,26.39,26.31,26.36,131900,82913
12/31/2012,08:53,26.37,26.37,26.35,26.37,15097,9808
12/31/2012,08:54,26.36,26.37,26.35,26.35,18435,31946
12/31/2012,08:55,26.35,26.35,26.33,26.33,14490,124275
12/31/2012,08:56,26.33,26.40,26.32,26.37,112926,70372
12/31/2012,08:57,26.37,26.42,26.37,26.41,60070,23896
12/31/2012,08:58,26.41,26.42,26.37,26.41,35262,38880
12/31/2012,08:59,26.41,26.42,26.40,26.42,25456,26286
12/31/2012,09:00,26.42,26.42,26.41,26.42,4495,19282
12/31/2012,09:01,26.42,26.44,26.41,26.43,66676,23450
12/31/2012,09:02,26.43,26.45,26.43,26.44,123545,76870
12/31/2012,09:03,26.45,26.45,26.44,26.44,10439,26250
12/31/2012,09:04,26.45,26.45,26.43,26.43,36795,66278
12/31/2012,09:05,26.44,26.44,26.43,26.44,15296,38383
12/31/2012,09:06,26.44,26.46,26.43,26.45,30987,39468
12/31/2012,09:07,26.44,26.45,26.44,26.44,9923,15525
12/31/2012,09:08,26.45,26.45,26.43,26.45,8818,23400
12/31/2012,09:09,26.44,26.45,26.44,26.44,10753,17718
12/31/2012,09:10,26.44,26.45,26.41,26.41,23905,55346
12/31/2012,09:11,26.42,26.43,26.41,26.42,18877,52224
12/31/2012,09:12,26.42,26.42,26.41,26.42,14567,15650
12/31/2012,09:13,26.42,26.44,26.42,26.44,16737,6600
12/31/2012,09:14,26.44,26.44,26.43,26.43,10185,12375
12/31/2012,09:15,26.43,26.44,26.43,26.43,23666,14500
12/31/2012,09:16,26.44,26.44,26.43,26.44,8090,10255
12/31/2012,09:17,26.44,26.45,26.43,26.44,87975,57016
12/31/2012,09:18,26.44,26.45,26.42,26.43,58703,112242
12/31/2012,09:19,26.43,26.43,26.40,26.42,39509,42584
12/31/2012,09:20,26.42,26.42,26.41,26.42,12304,16697
12/31/2012,09:21,26.42,26.42,26.40,26.42,18981,16616
12/31/2012,09:22,26.41,26.42,26.40,26.41,13788,20303
12/31/2012,09:23,26.41,26.41,26.40,26.41,6534,7656
12/31/2012,09:24,26.41,26.41,26.39,26.41,62576,28276
12/31/2012,09:25,26.40,26.41,26.39,26.39,31841,40236
12/31/2012,09:26,26.39,26.41,26.39,26.41,45838,18700
12/31/2012,09:27,26.41,26.42,26.38,26.39,52695,28089
12/31/2012,09:28,26.38,26.41,26.38,26.38,15885,9700
12/31/2012,09:29,26.39,26.39,26.38,26.39,32958,18114
12/31/2012,09:30,26.39,26.39,26.35,26.35,21206,47424
12/31/2012,09:31,26.36,26.38,26.35,26.38,50457,17081
12/31/2012,09:32,26.38,26.39,26.38,26.39,49513,6201
12/31/2012,09:33,26.39,26.39,26.36,26.38,38449,52579
12/31/2012,09:34,26.37,26.39,26.37,26.39,33647,29417
12/31/2012,09:35,26.38,26.40,26.38,26.40,14857,32413
12/31/2012,09:36,26.40,26.40,26.39,26.40,35687,10261
12/31/2012,09:37,26.40,26.41,26.39,26.40,30277,28556
12/31/2012,09:38,26.40,26.40,26.38,26.40,4993,10235
12/31/2012,09:39,26.40,26.40,26.39,26.40,8300,14486
12/31/2012,09:40,26.40,26.42,26.39,26.41,86592,20437
12/31/2012,09:41,26.42,26.45,26.41,26.43,48597,47927
12/31/2012,09:42,26.44,26.49,26.44,26.49,189042,74596
12/31/2012,09:43,26.49,26.49,26.46,26.47,51478,83646
12/31/2012,09:44,26.46,26.49,26.46,26.48,82794,23750
12/31/2012,09:45,26.49,26.49,26.45,26.47,57528,130167
12/31/2012,09:46,26.47,26.50,26.47,26.50,165773,34659
12/31/2012,09:47,26.50,26.55,26.48,26.53,310762,377667
12/31/2012,09:48,26.53,26.57,26.48,26.56,103515,77498
12/31/2012,09:49,26.56,26.58,26.54,26.56,188122,120507
12/31/2012,09:50,26.57,26.59,26.54,26.59,133114,119993
12/31/2012,09:51,26.58,26.64,26.58,26.60,229592,193374
12/31/2012,09:52,26.61,26.64,26.59,26.61,144019,129603
12/31/2012,09:53,26.61,26.63,26.56,26.56,159822,87142
12/31/2012,09:54,26.57,26.58,26.53,26.55,160656,116924
12/31/2012,09:55,26.55,26.55,26.51,26.52,66764,90959
12/31/2012,09:56,26.51,26.54,26.48,26.53,173660,77093
12/31/2012,09:57,26.54,26.55,26.45,26.47,143122,133066
12/31/2012,09:58,26.47,26.50,26.45,26.49,132333,76163
12/31/2012,09:59,26.50,26.50,26.43,26.46,92153,97865
12/31/2012,10:00,26.45,26.48,26.45,26.48,63438,98920
12/31/2012,10:01,26.48,26.50,26.47,26.49,64100,88588
12/31/2012,10:02,26.49,26.53,26.47,26.53,59006,30309
12/31/2012,10:03,26.53,26.55,26.50,26.53,134408,196572
12/31/2012,10:04,26.53,26.53,26.50,26.50,17050,27148
12/31/2012,10:05,26.51,26.56,26.50,26.50,17031,28385
12/31/2012,10:06,26.50,26.51,26.46,26.46,80072,110406
12/31/2012,10:07,26.46,26.46,26.39,26.39,92681,154695
12/31/2012,10:08,26.39,26.44,26.39,26.42,72870,34650
12/31/2012,10:09,26.43,26.44,26.42,26.43,50067,25878
12/31/2012,10:10,26.43,26.44,26.42,26.44,20769,21262
12/31/2012,10:11,26.44,26.46,26.43,26.44,34650,16268
12/31/2012,10:12,26.44,26.47,26.44,26.47,37247,24612
12/31/2012,10:13,26.47,26.50,26.44,26.48,93623,93854
12/31/2012,10:14,26.49,26.50,26.47,26.47,34485,53030
12/31/2012,10:15,26.48,26.52,26.47,26.52,81242,41999
12/31/2012,10:16,26.52,26.54,26.50,26.50,64840,64186
12/31/2012,10:17,26.52,26.52,26.49,26.50,47261,125035
12/31/2012,10:18,26.50,26.54,26.49,26.54,28961,51310
12/31/2012,10:19,26.53,26.57,26.53,26.57,53706,30985
12/31/2012,10:20,26.57,26.57,26.51,26.52,25052,61485
12/31/2012,10:21,26.51,26.55,26.51,26.53,23259,16087
12/31/2012,10:22,26.53,26.55,26.50,26.51,21054,40897
12/31/2012,10:23,26.51,26.53,26.49,26.51,154288,98494
12/31/2012,10:24,26.51,26.51,26.47,26.50,64244,47995
12/31/2012,10:25,26.50,26.54,26.49,26.53,74816,14368
12/31/2012,10:26,26.53,26.53,26.50,26.50,39306,22857
12/31/2012,10:27,26.51,26.52,26.50,26.51,46479,34917
12/31/2012,10:28,26.51,26.52,26.50,26.50,20201,74703
12/31/2012,10:29,26.51,26.51,26.46,26.48,27554,32265
12/31/2012,10:30,26.49,26.51,26.47,26.50,42945,40829
12/31/2012,10:31,26.50,26.53,26.50,26.53,90959,43974
12/31/2012,10:32,26.52,26.55,26.52,26.55,22252,20950
12/31/2012,10:33,26.55,26.55,26.51,26.54,29760,51580
12/31/2012,10:34,26.53,26.59,26.53,26.59,71022,36265
12/31/2012,10:35,26.58,26.59,26.55,26.57,36916,81200
12/31/2012,10:36,26.57,26.59,26.56,26.56,18883,40814
12/31/2012,10:37,26.56,26.58,26.55,26.57,23431,13314
12/31/2012,10:38,26.57,26.59,26.57,26.58,52344,21883
12/31/2012,10:39,26.58,26.60,26.57,26.59,52214,31815
12/31/2012,10:40,26.60,26.62,26.59,26.60,133617,55750
12/31/2012,10:41,26.60,26.63,26.59,26.63,119182,31935
12/31/2012,10:42,26.63,26.69,26.62,26.69,127550,86828
12/31/2012,10:43,26.68,26.69,26.62,26.62,97640,166907
12/31/2012,10:44,26.62,26.68,26.61,26.67,105588,96881
12/31/2012,10:45,26.66,26.69,26.65,26.66,34225,60129
12/31/2012,10:46,26.65,26.70,26.65,26.69,92914,78653
12/31/2012,10:47,26.70,26.72,26.50,26.53,249187,368666
12/31/2012,10:48,26.54,26.63,26.54,26.62,158833,130229
12/31/2012,10:49,26.61,26.67,26.59,26.65,126406,123720
12/31/2012,10:50,26.65,26.66,26.56,26.58,85523,131336
12/31/2012,10:51,26.58,26.58,26.50,26.51,123713,155687
12/31/2012,10:52,26.51,26.51,26.43,26.47,153865,181509
12/31/2012,10:53,26.48,26.55,26.46,26.52,82057,59708
12/31/2012,10:54,26.53,26.57,26.52,26.55,40687,37888
12/31/2012,10:55,26.55,26.57,26.51,26.55,34688,66610
12/31/2012,10:56,26.54,26.55,26.51,26.51,18071,54745
12/31/2012,10:57,26.51,26.56,26.50,26.56,43819,36439
12/31/2012,10:58,26.56,26.59,26.53,26.59,78949,59635
12/31/2012,10:59,26.59,26.63,26.59,26.62,71047,49841
12/31/2012,11:00,26.62,26.64,26.60,26.60,84052,101617
12/31/2012,11:01,26.60,26.63,26.60,26.61,66071,71424
12/31/2012,11:02,26.60,26.61,26.58,26.60,52521,40302
12/31/2012,11:03,26.60,26.68,26.59,26.62,67756,37727
12/31/2012,11:04,26.63,26.65,26.62,26.64,111317,44638
12/31/2012,11:05,26.64,26.65,26.63,26.64,35530,23694
12/31/2012,11:06,26.64,26.65,26.63,26.65,21025,18950
12/31/2012,11:07,26.65,26.65,26.61,26.61,12840,25639
12/31/2012,11:08,26.61,26.63,26.60,26.61,33830,15813
12/31/2012,11:09,26.61,26.64,26.61,26.62,60661,74760
12/31/2012,11:10,26.63,26.63,26.61,26.62,22931,8111
12/31/2012,11:11,26.61,26.64,26.61,26.63,41390,25151
12/31/2012,11:12,26.63,26.64,26.61,26.61,38497,65913
12/31/2012,11:13,26.61,26.63,26.59,26.60,52229,61000
12/31/2012,11:14,26.59,26.61,26.56,26.57,43720,59812
12/31/2012,11:15,26.57,26.57,26.56,26.56,33807,12500
12/31/2012,11:16,26.56,26.57,26.56,26.57,9200,12700
12/31/2012,11:17,26.57,26.58,26.56,26.57,49269,69924
12/31/2012,11:18,26.56,26.62,26.54,26.54,17087,76018
12/31/2012,11:19,26.54,26.56,26.52,26.56,44134,33447
12/31/2012,11:20,26.55,26.58,26.55,26.57,54597,16146
12/31/2012,11:21,26.56,26.57,26.56,26.56,9265,3579
12/31/2012,11:22,26.57,26.57,26.56,26.57,63560,10307
12/31/2012,11:23,26.57,26.57,26.56,26.57,41383,9200
12/31/2012,11:24,26.57,26.58,26.54,26.58,66544,21921
12/31/2012,11:25,26.59,26.61,26.57,26.60,37313,20800
12/31/2012,11:26,26.60,26.61,26.60,26.61,18223,2200
12/31/2012,11:27,26.61,26.62,26.60,26.61,20548,25553
12/31/2012,11:28,26.61,26.64,26.61,26.64,29806,24842
12/31/2012,11:29,26.63,26.65,26.59,26.65,36298,23072
12/31/2012,11:30,26.64,26.68,26.64,26.67,71560,11409
12/31/2012,11:31,26.68,26.70,26.67,26.69,51621,22971
12/31/2012,11:32,26.69,26.72,26.69,26.71,121031,69219
12/31/2012,11:33,26.71,26.72,26.67,26.71,60176,97787
12/31/2012,11:34,26.72,26.74,26.72,26.73,94028,111090
12/31/2012,11:35,26.73,26.74,26.72,26.73,39296,17435
12/31/2012,11:36,26.73,26.77,26.73,26.76,190237,75054
12/31/2012,11:37,26.77,26.78,26.75,26.77,57186,101762
12/31/2012,11:38,26.77,26.78,26.72,26.73,68778,93445
12/31/2012,11:39,26.74,26.74,26.72,26.73,22036,32409
12/31/2012,11:40,26.73,26.75,26.72,26.75,50489,44307
12/31/2012,11:41,26.75,26.75,26.72,26.72,38378,47599
12/31/2012,11:42,26.72,26.74,26.70,26.71,30721,47562
12/31/2012,11:43,26.70,26.79,26.70,26.73,50767,41552
12/31/2012,11:44,26.72,26.74,26.71,26.74,29199,13501
12/31/2012,11:45,26.73,26.77,26.73,26.76,50016,30274
12/31/2012,11:46,26.77,26.78,26.74,26.76,40080,55761
12/31/2012,11:47,26.76,26.76,26.72,26.73,52309,49148
12/31/2012,11:48,26.72,26.73,26.71,26.73,34451,45350
12/31/2012,11:49,26.74,26.77,26.74,26.76,46927,80692
12/31/2012,11:50,26.76,26.78,26.75,26.75,78784,41603
12/31/2012,11:51,26.75,26.78,26.73,26.77,62800,20623
12/31/2012,11:52,26.78,26.79,26.74,26.74,72599,79715
12/31/2012,11:53,26.75,26.77,26.74,26.76,34907,46150
12/31/2012,11:54,26.75,26.77,26.74,26.77,31294,41678
12/31/2012,11:55,26.76,26.78,26.75,26.78,32272,53937
12/31/2012,11:56,26.78,26.85,26.75,26.84,168089,111850
12/31/2012,11:57,26.83,26.90,26.83,26.89,192232,138913
12/31/2012,11:58,26.90,26.90,26.88,26.89,67256,91014
12/31/2012,11:59,26.89,26.90,26.85,26.90,170383,163733
12/31/2012,12:00,26.89,26.94,26.89,26.93,188443,124757
12/31/2012,12:01,26.93,26.97,26.93,26.96,213791,97518
12/31/2012,12:02,26.97,26.99,26.95,26.99,114692,98903
12/31/2012,12:03,26.99,26.99,26.97,26.97,103585,122555
12/31/2012,12:04,26.97,26.98,26.94,26.96,74334,77234
12/31/2012,12:05,26.95,26.96,26.91,26.92,83027,75852
12/31/2012,12:06,26.91,26.94,26.89,26.92,57038,75265
12/31/2012,12:07,26.91,26.93,26.91,26.92,32034,43437
12/31/2012,12:08,26.91,26.93,26.90,26.90,38680,84082
12/31/2012,12:09,26.90,26.92,26.88,26.89,56848,59536
12/31/2012,12:10,26.89,26.90,26.88,26.88,43800,44604
12/31/2012,12:11,26.88,26.89,26.83,26.85,120132,151746
12/31/2012,12:12,26.84,26.85,26.77,26.77,105504,212087
12/31/2012,12:13,26.77,26.77,26.72,26.75,101690,103924
12/31/2012,12:14,26.75,26.82,26.73,26.73,168135,116511
12/31/2012,12:15,26.74,26.75,26.71,26.73,84220,99623
12/31/2012,12:16,26.72,26.75,26.68,26.68,48038,169280
12/31/2012,12:17,26.69,26.72,26.64,26.66,148101,170344
12/31/2012,12:18,26.65,26.70,26.65,26.70,139671,72338
12/31/2012,12:19,26.69,26.74,26.68,26.73,110669,126599
12/31/2012,12:20,26.73,26.75,26.69,26.69,67278,83883
12/31/2012,12:21,26.70,26.74,26.67,26.68,47848,60692
12/31/2012,12:22,26.68,26.69,26.65,26.69,102001,129958
12/31/2012,12:23,26.69,26.73,26.69,26.71,57423,57240
12/31/2012,12:24,26.72,26.73,26.69,26.70,36802,55958
12/31/2012,12:25,26.69,26.74,26.69,26.74,90104,50525
12/31/2012,12:26,26.72,26.77,26.72,26.76,112578,46827
12/31/2012,12:27,26.77,26.77,26.66,26.69,130140,177466
12/31/2012,12:28,26.70,26.72,26.69,26.70,45839,54406
12/31/2012,12:29,26.70,26.72,26.69,26.70,71443,61330
12/31/2012,12:30,26.70,26.71,26.69,26.71,54714,58677
12/31/2012,12:31,26.70,26.74,26.68,26.69,57703,60843
12/31/2012,12:32,26.68,26.68,26.62,26.63,92181,194702
12/31/2012,12:33,26.64,26.67,26.63,26.63,87443,40368
12/31/2012,12:34,26.63,26.64,26.63,26.63,52098,43519
12/31/2012,12:35,26.63,26.64,26.61,26.63,67670,89271
12/31/2012,12:36,26.63,26.67,26.62,26.66,90405,52050
12/31/2012,12:37,26.66,26.67,26.64,26.67,47990,31099
12/31/2012,12:38,26.67,26.69,26.65,26.69,63234,39940
12/31/2012,12:39,26.68,26.70,26.68,26.69,83326,56417
12/31/2012,12:40,26.69,26.71,26.64,26.65,73145,104744
12/31/2012,12:41,26.64,26.65,26.61,26.61,85229,88199
12/31/2012,12:42,26.61,26.62,26.54,26.54,106556,212137
12/31/2012,12:43,26.54,26.59,26.52,26.55,127842,107261
12/31/2012,12:44,26.54,26.60,26.53,26.59,318506,156957
12/31/2012,12:45,26.59,26.62,26.58,26.58,171342,129357
12/31/2012,12:46,26.59,26.65,26.59,26.63,207825,134179
12/31/2012,12:47,26.63,26.64,26.58,26.59,73756,115489
12/31/2012,12:48,26.59,26.60,26.57,26.58,99828,84020
12/31/2012,12:49,26.59,26.60,26.58,26.59,71085,62041
12/31/2012,12:50,26.60,26.60,26.55,26.57,130460,210819
12/31/2012,12:51,26.57,26.57,26.55,26.57,141151,61816
12/31/2012,12:52,26.57,26.57,26.53,26.57,143668,185319
12/31/2012,12:53,26.57,26.57,26.56,26.57,90823,74905
12/31/2012,12:54,26.57,26.57,26.55,26.56,121009,93700
12/31/2012,12:55,26.55,26.56,26.50,26.50,126681,267446
12/31/2012,12:56,26.50,26.59,26.50,26.58,265764,163594
12/31/2012,12:57,26.58,26.60,26.52,26.59,189584,174872
12/31/2012,12:58,26.58,26.59,26.54,26.59,175332,188577
12/31/2012,12:59,26.58,26.60,26.58,26.58,212430,212066
12/31/2012,13:00,26.58,26.63,26.55,26.63,299952,274101
